P1C1,CHR,POS,L001,L002,L003,L004,L005,L006,L007,L008,L009,L010,L011,L012,L013,L014,L015,L016,L017,L018,L019,L020,L021,L022,L023,L024,L025,L026,L027,L028,L029,L030,L031,L032,L033,L034,L035,L036,L037,L038,L039,L040,L041,L042,L043,L044,L045,L046,L047,L048,L049,L050,L051,L052,L053,L054,L055,L056,L057,L058,L059,L060,L061,L062,L063,L064,L065,L066,L067,L068,L069,L070,L071,L072,L073,L074,L075,L076,L077,L078,L079,L080,L081,L082,L083,L084,L085,L086,L087,L088,L089,L090,L091,L092,L093,L094,L095,L096,L097,L098,L099,L100,L101,L102,L103,L104,L105,L106,L107,L108,L109,L110,L111,L112,L113,L114,L115,L116,L117,L118,L119,L120,L121,L122,L123,L124,L125,L126,L127,L128,L129,L130,L131,L132,L133,L134,L135,L136,L137,L138,L139,L140,L141,L142,L143,L144,L145,L146,L147,L148,L149,L150,L151,L152,L153,L154,L155,L156,L157,L158,L159,L160,L161,L162,L163,L164,L165,L166,L167,L168,L169,L170,L171,L172,L173,L174,L175,L176,L177,L178,L179,L180,L181,L182,L183,L184,L185,L186,L187,L188,L189,L190,L191,L192,L193,L194,L195,L196,L197,L198,L199,L200
MK0002,1,2,2,1,1,2,1,1,2,1,2,2,1,1,1,1,2,2,1,2,1,2,2,2,1,1,1,2,1,1,2,2,1,1,2,2,1,1,1,2,2,1,2,1,2,1,1,1,1,2,2,1,2,1,2,1,1,1,1,1,2,2,2,2,1,2,1,1,1,2,1,2,2,1,2,1,2,1,1,1,1,1,2,1,1,2,1,2,2,1,2,2,2,2,1,2,1,1,1,2,1,2,1,1,1,1,2,2,1,2,2,2,1,2,2,1,1,2,1,1,1,2,2,2,2,1,1,1,2,1,2,1,2,2,2,2,1,1,1,2,2,2,1,1,1,2,1,2,2,2,2,2,2,1,2,1,1,2,2,1,1,1,1,2,1,2,2,1,2,1,2,2,1,1,1,2,1,1,1,2,2,1,1,2,2,1,2,1,2,2,1,2,2,1,2,2,2,2,1,1,2,1
MK0003,1,3,2,1,1,2,1,1,2,1,2,2,1,1,1,1,2,2,1,2,1,2,2,2,1,1,1,2,1,1,2,2,1,1,2,2,1,1,1,2,2,1,2,1,2,1,1,1,1,2,2,1,2,1,2,1,1,1,1,1,2,2,2,2,1,2,1,1,1,2,1,2,2,1,2,1,2,1,1,1,1,1,2,1,1,2,1,2,2,1,2,2,2,2,1,2,1,1,1,2,1,2,1,1,1,1,2,2,1,2,2,2,1,2,2,1,1,2,1,1,1,2,2,2,2,1,1,1,2,1,2,1,2,2,2,2,1,1,1,2,2,2,1,1,1,2,1,2,2,2,2,2,2,1,2,1,1,2,2,1,1,1,1,2,1,1,2,1,2,1,2,2,1,1,1,2,1,1,1,2,2,1,1,2,2,1,2,1,2,2,1,2,2,1,2,2,2,2,1,1,2,1
MK0005,1,5,2,1,1,2,1,1,2,1,2,2,1,1,1,1,2,2,1,2,1,2,2,2,1,1,1,2,1,1,2,2,1,1,2,2,1,1,1,2,2,1,2,1,2,1,1,1,1,2,2,1,2,1,2,1,1,1,1,1,2,2,2,2,1,2,1,1,1,2,1,2,2,1,2,1,2,1,1,1,1,1,2,1,1,1,1,2,2,1,2,2,2,2,1,2,1,1,1,2,1,2,1,1,1,1,2,2,1,2,2,2,1,2,2,1,1,2,1,1,1,2,2,2,2,1,1,1,2,1,2,1,2,2,2,2,1,1,1,2,2,2,1,1,1,2,1,2,2,2,2,2,2,1,2,1,2,2,2,1,1,1,1,2,1,1,1,1,2,1,2,2,1,1,1,2,1,1,1,2,2,1,1,2,1,1,2,1,2,2,1,2,2,1,2,2,2,1,1,1,2,1
MK0006,1,6,2,1,1,2,1,1,2,1,2,2,1,1,1,1,2,2,1,2,1,2,2,2,1,1,1,2,1,1,2,2,1,1,1,2,1,1,1,2,2,1,2,1,2,1,1,1,1,2,2,1,2,1,2,1,1,1,1,2,2,2,2,2,1,2,1,1,1,2,1,2,2,1,2,1,2,2,1,1,1,1,2,1,1,1,1,2,2,1,1,2,2,2,1,2,1,1,1,2,1,2,1,1,1,1,2,2,1,2,2,2,1,2,2,1,1,2,1,1,1,2,2,2,2,1,1,1,2,1,2,1,2,2,2,2,1,1,1,2,2,2,2,1,1,2,1,2,2,2,2,2,2,1,2,1,2,2,2,1,1,1,1,2,1,1,1,1,2,1,2,2,1,1,1,2,1,1,1,2,2,1,1,2,1,1,2,1,2,2,1,2,2,1,2,2,2,1,1,1,2,1
MK0007,1,7,2,1,1,1,1,1,2,1,2,2,1,1,1,1,2,2,1,2,1,2,2,2,1,1,1,2,1,2,1,2,1,1,1,2,1,1,1,2,2,1,1,1,2,1,1,1,1,2,2,1,2,1,2,1,1,1,1,2,2,2,1,2,1,2,1,1,1,2,1,2,2,1,2,1,2,2,1,1,1,1,2,1,1,1,1,2,2,1,1,2,2,2,1,2,1,1,1,2,1,1,1,1,1,1,2,2,1,2,2,2,1,2,2,1,1,2,1,1,1,2,2,2,2,1,1,1,2,1,2,1,2,2,2,2,1,1,1,2,2,2,2,1,1,2,1,2,2,2,2,2,2,1,2,1,2,2,2,1,1,1,1,2,1,1,1,1,1,1,2,2,1,1,1,2,1,1,1,2,2,1,1,2,1,1,2,1,2,2,1,2,2,1,2,1,2,1,1,1,2,1
MK0008,1,8,2,1,1,1,1,1,2,1,2,2,1,1,1,1,2,2,1,2,1,2,2,2,1,1,1,2,1,2,1,2,1,1,1,2,1,1,1,2,2,1,1,1,2,1,1,1,1,2,2,1,2,1,2,1,1,1,1,2,2,2,1,2,1,2,1,1,1,2,1,2,2,1,2,1,2,2,1,1,1,1,2,1,1,1,1,2,2,1,1,2,2,2,1,2,1,1,2,2,1,1,1,1,1,1,2,2,1,2,2,2,1,2,2,1,1,2,1,1,1,2,2,2,2,1,1,1,2,1,2,1,2,2,2,2,1,1,1,2,2,2,2,1,1,2,1,2,2,2,2,2,2,1,2,1,2,2,2,1,1,1,1,2,1,1,1,1,1,1,2,2,1,1,1,2,1,1,1,2,2,1,1,2,1,1,2,1,2,2,1,2,2,1,2,1,2,1,1,1,2,1
MK0009,1,9,2,1,1,1,1,1,2,1,1,2,1,1,1,1,2,2,1,2,1,2,2,2,1,1,1,2,1,2,1,2,1,1,1,2,1,1,1,2,2,1,1,1,2,1,1,1,1,2,2,1,2,1,2,1,1,1,1,2,2,2,1,2,1,2,1,1,1,2,1,2,2,1,2,1,2,2,1,1,1,1,2,1,1,1,1,2,2,1,1,2,2,2,1,2,1,1,2,2,1,1,1,1,1,1,2,2,1,2,2,2,1,2,2,1,1,2,1,1,1,2,2,2,2,1,1,1,2,1,2,1,2,2,2,2,1,1,1,2,2,2,2,1,1,2,1,2,2,2,2,2,2,1,2,1,2,2,2,1,1,1,1,2,1,1,1,1,2,1,2,2,1,1,1,2,1,1,1,2,2,1,1,2,1,1,2,1,2,2,1,2,2,1,2,1,2,1,1,1,2,2
MK0012,1,12,2,1,1,1,1,1,2,1,1,1,1,1,1,1,2,2,1,2,1,2,2,2,1,2,1,2,1,1,1,2,1,1,1,2,1,1,1,2,2,1,1,1,2,1,1,1,1,2,2,1,2,1,2,1,1,1,1,2,2,2,1,2,1,2,1,1,1,2,1,2,2,1,2,1,2,2,1,1,1,2,2,1,1,1,1,2,2,1,1,2,2,2,1,2,1,1,2,2,1,1,1,1,1,1,2,2,1,2,2,2,2,2,2,1,1,1,1,1,1,2,2,1,2,1,1,1,2,1,2,1,2,2,2,2,1,1,1,1,2,2,2,1,1,2,1,2,2,2,2,2,2,1,2,1,2,2,2,1,1,1,1,2,1,1,1,1,2,1,2,2,1,1,1,2,1,1,1,2,2,1,1,2,1,1,2,1,2,2,1,1,2,1,2,1,2,1,1,1,2,2
MK0013,1,13,2,1,1,1,1,1,2,1,1,1,1,1,1,1,2,2,1,2,1,2,2,2,1,2,1,2,1,1,1,2,1,1,1,2,1,1,1,2,2,1,1,1,2,1,1,1,1,2,2,1,1,1,2,1,1,1,1,2,2,2,1,2,1,2,1,1,1,2,1,2,2,1,2,1,2,2,1,1,1,2,2,1,1,1,1,2,2,1,1,2,2,2,1,2,1,1,2,2,2,2,1,1,1,1,2,2,1,2,2,2,2,2,2,1,1,1,1,1,1,2,2,1,2,1,1,1,2,1,2,1,2,2,2,2,1,1,1,1,2,2,2,1,1,2,1,2,2,2,2,2,2,1,2,1,2,2,2,1,1,1,1,2,1,1,1,1,2,1,2,2,1,1,1,2,1,1,1,2,2,1,1,2,1,1,2,1,2,2,1,1,2,1,2,1,2,1,1,1,2,2
MK0014,1,14,2,1,1,1,1,1,2,1,1,1,1,1,1,1,2,2,1,2,1,2,2,2,1,2,1,2,1,1,1,2,1,1,1,2,1,1,1,2,2,1,1,1,2,1,1,2,1,2,2,1,1,1,2,1,1,1,1,2,2,2,1,2,1,2,1,1,1,2,1,2,2,1,2,1,2,2,1,1,1,2,2,1,1,1,1,2,2,1,1,2,2,2,1,2,1,1,2,2,2,2,1,1,1,1,2,2,1,2,2,2,2,2,2,1,1,1,1,1,1,1,2,1,2,1,1,1,2,1,2,1,2,2,2,2,1,1,2,1,2,2,2,1,1,2,1,2,2,2,2,2,2,1,2,1,2,2,2,1,1,1,1,2,1,1,1,1,2,1,2,2,1,1,1,2,1,1,1,2,2,1,1,2,1,1,2,1,2,2,1,1,2,1,2,1,2,1,1,1,2,2
MK0015,1,15,2,1,1,1,1,1,2,1,1,1,1,1,1,1,2,2,1,2,1,2,2,2,1,2,1,2,1,1,1,2,1,1,1,2,1,1,1,2,2,1,1,1,2,1,1,2,1,2,2,1,1,1,2,1,1,1,1,2,2,2,1,2,1,2,1,1,1,2,1,2,2,1,2,1,2,2,1,1,1,2,2,1,1,1,1,2,2,1,1,2,2,2,2,2,1,1,2,2,2,2,1,1,1,1,2,2,1,2,2,2,2,2,2,1,1,1,1,1,1,1,2,1,2,1,1,1,2,1,2,1,2,2,2,2,1,1,2,1,2,2,2,1,1,2,1,2,2,2,2,2,2,1,2,1,2,2,2,1,1,1,1,2,1,1,1,1,2,1,2,2,1,1,1,2,1,1,1,2,2,1,1,2,1,1,2,1,2,2,1,1,2,1,2,1,2,1,1,1,2,2
MK0017,1,17,2,1,1,1,1,1,2,1,1,1,1,1,1,1,2,2,1,2,1,2,2,2,1,2,1,2,1,1,1,2,1,1,1,2,1,1,1,2,2,1,1,1,2,1,1,2,1,2,2,1,1,1,2,1,1,1,1,2,2,2,1,2,1,2,1,1,1,2,1,2,2,1,2,1,2,2,1,1,1,2,2,1,1,1,1,2,2,1,1,2,2,2,2,1,1,1,2,2,2,2,1,1,1,1,2,2,1,2,2,2,2,2,2,1,1,1,1,1,1,1,2,1,2,1,1,1,2,1,2,1,2,2,2,2,1,1,2,1,2,2,2,1,1,2,1,2,2,2,2,2,2,1,2,1,2,2,2,1,1,1,1,2,1,1,1,1,2,1,2,2,1,1,1,2,1,1,1,2,2,1,1,2,1,1,2,1,2,2,1,1,2,1,2,1,2,1,1,1,1,2
MK0018,1,18,2,1,1,1,1,1,2,1,1,1,1,1,1,1,2,2,1,2,1,2,2,2,1,2,1,2,1,1,1,2,1,1,1,2,1,1,1,2,2,1,1,1,2,1,1,2,1,2,2,1,1,1,2,1,1,1,1,2,2,2,1,2,1,2,1,1,1,2,1,2,2,1,2,1,2,2,1,1,1,2,2,1,1,1,1,2,2,1,1,2,2,2,2,1,1,1,2,2,2,2,1,1,1,1,2,2,1,2,2,2,2,2,2,1,1,1,1,1,1,1,2,1,2,1,1,1,2,1,2,1,2,2,2,2,1,1,2,1,2,2,2,1,1,2,1,2,2,2,2,2,2,1,2,1,2,2,2,1,1,1,1,2,1,1,1,1,2,1,2,2,1,1,1,2,1,1,1,2,2,1,1,2,1,1,2,1,2,2,1,1,2,1,2,1,2,1,1,1,1,2
MK0019,1,19,2,1,1,1,1,1,2,1,1,1,1,1,1,1,2,2,2,2,1,2,2,2,1,2,1,2,1,1,1,1,1,1,1,2,1,1,1,2,2,1,1,1,2,1,1,2,1,2,2,1,1,1,2,1,1,1,1,2,2,2,1,2,2,2,1,1,1,2,1,2,2,1,2,1,2,2,1,1,1,2,2,1,1,1,1,2,2,1,1,2,2,2,1,1,1,1,2,2,2,2,1,1,1,1,2,2,2,2,2,2,2,2,2,2,1,1,1,1,1,1,2,1,2,1,1,1,2,1,2,1,2,2,2,2,1,1,2,1,2,2,2,1,1,2,1,2,2,2,2,2,2,1,2,1,2,2,2,1,1,1,1,2,1,1,1,1,2,1,2,2,1,1,1,2,1,1,1,2,2,1,1,2,1,1,2,1,2,2,1,1,2,1,2,1,2,1,1,1,1,2
MK0020,1,20,2,1,1,1,1,1,2,1,1,1,1,1,1,1,2,2,2,2,1,2,2,2,1,2,1,2,1,1,1,1,1,1,1,2,1,1,1,2,2,1,1,1,1,1,1,2,1,2,2,1,1,1,2,1,1,1,1,2,2,2,1,2,2,2,1,1,1,2,1,2,2,1,2,1,2,2,1,1,1,2,2,1,1,1,1,2,2,1,1,2,2,2,1,1,1,2,2,2,2,2,1,1,1,1,2,2,2,2,2,2,2,2,2,2,1,1,1,1,1,1,2,1,2,1,1,1,2,1,2,1,2,2,2,2,1,1,2,1,2,2,2,1,1,2,1,2,2,2,2,2,2,1,2,1,2,2,2,1,1,1,1,2,1,1,1,1,2,1,2,2,1,1,1,2,1,1,1,2,2,1,1,2,1,1,2,1,2,2,1,1,2,1,1,1,2,1,1,1,1,2
MK0021,1,21,2,1,1,1,1,1,2,1,1,1,1,1,1,1,2,2,2,2,1,2,2,2,1,2,1,2,1,1,1,1,1,2,1,2,1,1,1,2,2,1,1,1,1,1,1,2,1,2,2,1,1,1,2,1,1,1,1,2,2,1,1,2,2,2,1,1,1,2,1,2,2,1,2,1,2,2,1,1,1,2,1,1,1,1,1,2,2,1,1,2,2,2,1,1,1,2,2,2,2,2,1,1,1,1,1,2,2,2,2,2,2,2,2,2,1,1,1,1,1,1,2,1,2,1,1,1,2,1,2,1,2,2,2,2,1,1,2,1,2,2,2,1,1,2,1,2,2,2,2,2,2,1,2,1,2,2,2,1,1,1,1,2,1,1,1,1,2,1,2,2,1,1,1,2,1,1,1,2,2,1,1,2,1,1,2,2,2,2,1,1,2,1,1,1,2,1,1,1,1,2
MK0023,1,23,2,1,1,1,1,1,2,1,1,1,1,2,1,1,2,2,2,2,1,2,2,2,1,2,1,2,1,1,1,1,1,2,1,2,1,1,1,2,2,1,1,1,1,1,1,2,1,2,2,1,1,1,2,1,1,1,1,2,2,1,1,2,1,2,1,1,1,2,1,2,2,1,2,1,2,2,1,1,1,2,1,1,1,1,1,2,2,1,1,2,2,2,1,1,1,1,2,2,2,2,1,1,1,1,1,2,1,2,2,2,2,2,2,2,1,1,1,1,1,1,2,1,2,1,1,1,2,1,2,1,2,2,2,2,1,1,2,1,2,2,2,1,1,2,1,2,2,2,2,2,1,2,2,1,2,2,2,1,1,1,1,2,1,1,1,1,2,1,2,2,1,1,1,2,1,2,1,2,2,1,1,1,1,1,2,2,2,2,1,1,2,1,1,1,2,2,1,1,1,2
MK0024,1,24,2,1,1,1,1,1,2,1,1,1,1,2,1,1,2,2,2,2,1,2,2,2,1,2,1,2,1,1,1,1,1,2,1,2,1,1,1,2,2,1,1,1,1,1,1,2,1,2,2,1,1,1,2,1,1,1,1,2,2,1,1,2,1,2,1,1,1,2,1,2,2,1,2,1,2,2,1,1,1,2,1,2,1,1,1,2,2,1,1,2,2,2,1,1,1,1,2,2,2,1,1,1,1,1,1,2,1,2,2,2,2,2,2,2,1,1,1,2,1,1,2,1,2,1,1,1,2,1,2,1,2,2,2,2,1,1,1,1,2,2,2,1,1,2,1,2,2,2,2,2,1,2,2,1,2,2,2,1,1,1,1,2,1,1,1,1,2,1,2,2,1,1,1,2,1,2,1,2,2,1,1,1,1,1,2,2,2,2,1,1,2,1,1,1,2,2,1,1,1,2
MK0025,1,25,2,1,1,1,1,1,2,1,2,1,1,2,1,1,2,2,2,2,1,2,2,2,1,2,1,2,1,1,1,1,1,2,1,2,1,1,1,2,2,1,1,1,1,1,1,2,1,2,2,1,1,1,2,1,1,1,1,2,2,1,2,2,1,2,1,1,1,2,1,2,2,1,2,1,2,2,1,1,1,2,1,2,1,1,1,2,2,1,1,2,2,2,1,1,1,1,2,2,2,1,1,1,1,2,1,2,1,2,2,2,2,2,2,2,1,1,1,2,1,1,2,1,2,1,1,1,2,1,2,1,2,2,2,2,1,1,1,1,1,2,2,1,1,2,1,2,2,2,2,2,1,2,2,1,2,2,2,1,1,1,1,2,1,1,1,1,2,1,2,2,1,1,1,2,1,1,1,2,2,1,1,1,1,1,2,2,2,2,1,1,2,1,1,1,2,2,1,1,1,2
MK0026,1,26,2,1,1,1,1,1,2,1,2,1,1,2,1,1,2,2,2,2,1,2,2,2,1,2,1,2,1,1,1,1,1,2,1,2,1,1,1,2,2,1,1,1,1,1,1,2,1,2,2,1,1,1,2,1,1,1,1,2,2,1,2,2,1,2,1,1,1,2,1,2,1,1,2,1,2,2,1,1,1,2,1,2,1,1,1,2,2,1,1,2,2,2,1,1,1,1,2,1,2,1,1,1,1,2,1,2,1,2,2,2,2,2,2,2,1,1,1,2,1,1,2,1,2,1,1,1,2,1,2,1,2,2,2,2,1,1,1,1,1,2,2,1,1,2,1,2,2,2,2,2,1,2,1,1,2,2,2,1,1,1,1,2,1,1,1,1,2,1,2,2,1,1,1,2,1,1,1,2,2,1,1,1,1,1,2,2,2,2,1,1,2,1,1,1,2,2,1,1,1,2
MK0030,1,30,2,1,1,1,1,1,2,1,2,1,1,2,1,1,2,2,2,2,1,2,2,2,1,2,1,2,2,1,1,1,1,2,1,2,1,1,1,2,2,1,1,1,1,1,1,2,1,2,1,1,1,1,2,1,1,1,1,2,2,1,2,2,1,2,1,1,1,2,1,1,1,1,2,1,2,2,1,1,1,2,1,2,1,1,1,2,2,1,1,2,2,2,1,1,1,1,2,2,2,1,1,1,1,2,1,2,1,2,2,2,2,2,2,2,1,1,1,2,1,1,2,1,2,1,1,1,2,1,2,1,2,2,2,2,1,1,1,1,1,2,2,1,1,2,1,2,2,1,2,2,1,2,1,1,2,2,1,1,1,1,1,2,1,1,1,1,2,1,2,2,1,1,1,2,1,2,1,2,2,1,1,1,1,1,2,2,2,1,1,1,2,1,1,1,2,2,1,1,1,2
MK0031,1,31,2,1,1,1,1,1,2,1,2,1,1,2,1,2,2,2,2,2,1,2,2,2,1,2,1,2,2,2,1,1,1,2,1,2,1,1,1,2,2,1,1,1,1,1,1,2,1,2,1,1,1,1,2,1,1,1,1,2,2,1,2,2,1,2,1,1,1,2,1,1,1,1,2,1,2,2,1,1,1,2,1,2,2,1,2,2,2,1,1,2,2,2,1,1,1,1,2,2,2,1,1,1,1,2,1,2,1,2,2,2,2,2,2,2,1,1,1,2,1,1,2,1,2,1,1,1,1,1,2,1,2,2,2,2,1,1,1,2,1,2,2,1,1,2,1,2,2,1,2,2,1,2,1,1,2,2,1,1,1,1,1,2,2,1,1,1,2,1,2,2,1,1,1,2,1,2,1,2,2,1,1,1,1,1,2,2,2,1,1,1,2,1,1,1,2,2,1,1,1,2
MK0032,1,32,2,1,1,1,1,1,2,1,2,1,1,2,1,2,2,2,2,2,1,2,2,2,1,2,1,2,2,2,1,1,1,2,1,2,1,1,1,2,2,1,1,1,1,1,1,2,1,2,1,1,1,1,2,1,1,1,1,2,2,1,2,2,1,2,1,1,1,2,1,1,1,1,2,1,2,2,1,1,1,2,1,2,2,1,2,2,2,1,1,2,2,2,1,1,1,1,2,2,2,1,1,1,1,1,1,2,1,2,2,2,2,2,2,2,1,1,1,2,1,1,2,1,2,1,1,1,1,1,2,1,2,2,2,2,1,1,1,2,2,2,2,1,1,2,1,2,2,1,2,2,1,2,1,1,2,2,1,1,1,1,1,2,2,1,1,1,2,1,2,2,1,1,1,2,1,2,1,2,2,1,1,1,1,1,2,2,2,1,1,1,2,1,1,1,2,2,1,1,1,2
MK0033,1,33,2,1,1,1,1,1,2,1,2,1,1,2,1,2,2,2,2,2,1,2,2,2,1,2,1,2,2,2,1,1,1,2,1,2,1,1,1,2,2,1,1,1,1,2,1,2,1,2,1,1,1,1,2,1,1,1,1,2,2,1,2,2,1,2,1,1,1,2,1,1,1,1,2,1,2,1,1,1,1,2,1,2,2,1,2,2,2,1,1,2,2,2,1,1,1,1,2,2,2,1,1,1,1,1,1,2,1,2,2,2,2,2,1,2,1,1,1,2,1,1,2,1,2,1,1,1,1,1,1,2,2,2,2,2,1,1,1,2,2,2,2,1,1,2,1,2,2,1,2,2,1,1,1,1,2,2,1,1,1,1,1,2,2,1,1,1,2,1,2,2,1,1,1,2,1,2,1,2,2,1,1,1,1,1,2,2,2,1,1,1,2,1,1,1,2,2,1,1,1,2
MK0034,1,34,2,1,1,1,2,1,2,1,2,1,1,2,1,2,2,2,2,2,1,2,2,2,1,2,1,2,1,2,1,1,1,2,1,2,1,1,1,2,2,1,1,1,1,2,1,2,1,2,1,1,1,1,2,1,1,1,1,2,2,1,2,2,1,2,1,1,1,2,1,1,1,1,2,1,2,1,1,1,1,2,1,2,2,1,2,2,2,1,1,2,2,2,1,1,1,1,2,2,2,1,1,1,1,1,1,2,1,2,2,2,2,2,1,2,1,1,1,2,1,1,2,1,2,1,1,1,1,1,1,2,2,2,2,2,1,1,1,2,2,2,2,1,1,2,1,2,2,1,2,2,1,1,1,1,2,2,1,1,1,1,1,2,2,1,1,1,2,1,2,2,1,1,1,2,1,1,1,2,2,1,1,1,1,1,2,2,2,1,1,1,2,1,1,1,2,2,1,1,1,2
MK0035,1,35,2,1,1,1,2,1,2,1,2,1,1,2,1,2,2,2,2,2,1,2,2,2,1,2,1,2,2,2,1,1,1,2,1,2,1,1,1,2,2,1,2,1,1,2,1,2,1,2,1,1,1,1,2,1,2,1,1,2,2,1,2,2,1,2,1,1,1,2,1,1,1,1,2,1,2,1,1,1,1,2,1,2,2,1,2,2,2,1,1,2,2,2,1,1,1,1,2,2,2,1,1,1,1,1,1,2,1,2,2,2,2,2,1,2,1,1,1,2,1,1,2,1,2,1,1,1,1,1,1,2,2,2,2,2,1,1,1,2,2,2,2,1,1,2,1,2,2,1,2,2,1,1,1,1,2,2,1,1,1,1,1,2,2,1,1,1,2,1,2,2,1,1,1,2,1,1,1,2,2,1,2,1,1,1,2,2,2,1,1,1,2,1,1,1,2,2,1,1,1,2
MK0036,1,36,2,1,1,1,2,1,2,1,2,1,1,2,1,2,2,2,2,2,1,2,2,2,1,2,1,2,2,2,1,1,1,2,1,2,1,1,1,2,2,1,2,1,1,2,1,1,1,2,1,1,1,1,2,1,2,1,1,2,2,1,2,2,1,2,1,1,1,2,1,1,1,1,2,1,2,1,1,1,1,2,1,2,2,1,2,2,2,1,1,2,2,2,1,1,1,1,2,2,2,1,1,1,1,1,1,2,1,2,2,2,2,2,1,2,1,1,1,2,1,1,2,1,2,1,1,1,1,1,1,2,2,2,2,2,1,1,1,2,2,2,2,1,1,2,1,2,2,1,2,2,1,1,1,1,2,2,1,1,1,1,1,2,2,1,1,1,2,1,2,2,1,1,1,2,1,1,1,2,2,1,2,1,1,1,2,2,2,1,1,1,2,1,1,1,2,2,1,1,1,2
MK0037,1,37,2,1,1,1,2,1,2,1,2,1,1,2,1,2,2,2,2,2,1,2,2,2,1,2,1,2,2,2,1,1,1,2,1,2,1,1,1,2,2,1,2,1,1,2,1,1,1,2,1,1,1,1,2,1,2,1,1,2,2,1,2,2,1,2,1,1,1,2,1,1,1,1,2,1,2,1,1,1,1,2,1,2,2,1,2,2,2,1,1,2,2,2,1,1,1,1,2,2,2,1,1,1,1,1,1,2,1,2,2,2,2,2,1,2,1,1,1,2,1,1,2,1,2,1,1,1,1,1,1,2,2,2,2,2,1,1,1,2,2,2,2,1,1,2,1,2,2,1,2,2,1,1,1,1,2,2,1,1,1,1,1,2,2,1,1,1,2,1,2,2,1,1,1,2,1,1,1,2,2,1,2,1,1,1,2,2,2,1,1,1,2,1,1,1,2,2,1,1,1,2
MK0038,1,38,2,1,1,1,2,1,2,1,2,1,1,2,1,2,2,2,2,2,1,2,2,2,1,2,1,2,2,2,1,1,1,1,1,2,1,1,1,2,2,1,2,1,1,2,1,1,1,2,1,1,1,1,2,1,2,1,1,2,2,1,2,2,1,2,1,1,1,2,1,1,1,1,2,1,2,1,1,1,1,2,1,2,2,1,2,2,2,1,1,2,2,2,1,1,1,2,2,2,2,1,1,1,1,1,1,2,1,2,2,2,2,2,1,2,1,1,1,2,1,1,2,1,2,1,1,1,1,1,1,2,1,2,2,2,1,1,1,2,2,2,1,1,1,2,1,2,2,1,2,2,1,1,1,1,2,2,1,1,1,1,1,2,2,1,1,1,2,1,2,2,1,1,1,2,1,1,1,2,2,1,2,1,1,1,2,2,2,1,1,1,2,1,1,1,2,2,1,1,1,2
MK0039,1,39,2,1,1,1,2,1,2,1,2,1,1,2,1,2,2,2,2,2,1,2,2,2,1,2,1,2,2,1,1,1,1,1,1,2,1,1,1,2,2,1,2,1,1,2,1,1,1,2,1,1,1,1,2,1,2,1,1,2,2,1,2,2,1,2,1,1,1,2,1,1,1,1,2,1,2,1,1,1,1,2,1,2,2,1,2,2,2,1,1,2,2,2,1,1,1,2,2,2,2,1,1,1,1,1,1,2,1,2,2,2,2,2,1,2,1,1,1,2,1,1,2,1,2,1,1,1,1,1,1,2,1,2,2,2,1,1,1,2,2,2,1,1,1,2,1,2,2,1,2,2,1,1,1,1,2,2,1,1,1,1,1,2,2,1,1,1,2,2,2,2,1,1,1,2,1,1,1,2,2,1,2,1,1,1,2,2,2,1,1,1,2,1,1,1,2,2,1,1,1,2
MK0040,1,40,2,1,1,1,2,1,2,1,2,1,1,2,1,2,2,2,2,2,1,2,2,2,1,2,1,2,2,1,1,1,1,1,1,2,2,1,1,2,2,1,2,1,1,2,1,1,1,2,1,1,1,1,2,1,2,1,1,2,2,1,2,2,1,2,1,1,1,2,1,1,1,1,2,2,2,1,1,1,1,2,1,2,2,1,2,2,2,1,1,2,2,2,1,1,1,2,2,2,2,1,1,1,1,1,1,2,1,2,2,2,2,2,1,2,1,1,1,2,2,1,2,1,2,1,1,1,1,1,1,2,1,2,2,2,1,1,1,2,2,2,1,1,1,2,1,2,2,1,2,2,1,1,1,1,2,2,1,1,1,1,1,2,2,1,1,1,2,2,2,2,1,1,1,2,1,1,1,2,1,1,2,1,1,1,2,2,2,1,1,1,2,1,2,1,2,2,1,1,1,2
MK0043,1,43,2,1,1,1,2,1,2,1,2,1,1,2,1,1,2,2,2,2,1,2,2,2,1,2,1,2,2,1,1,1,1,1,1,2,2,1,1,1,2,1,2,1,1,2,1,1,1,2,1,1,1,1,2,1,2,1,1,2,2,1,2,2,1,2,1,1,1,2,1,1,1,1,2,2,1,1,1,1,1,2,1,2,2,1,2,2,2,1,1,2,2,2,1,1,1,2,2,2,2,1,1,1,1,1,1,2,1,2,2,2,2,2,1,2,1,1,1,2,2,1,2,1,2,1,1,2,1,1,1,2,1,2,2,2,1,1,1,2,2,2,1,1,1,2,1,2,2,1,1,2,1,1,1,1,2,2,1,1,1,1,1,2,2,1,1,1,2,2,2,2,1,1,1,2,1,1,1,2,2,1,2,1,1,1,2,2,2,1,1,1,1,1,2,1,2,2,1,1,1,2
MK0046,1,46,2,1,2,1,2,1,2,1,2,1,1,1,1,1,2,2,2,1,1,2,2,2,1,2,1,2,2,1,1,1,1,1,1,2,2,1,1,1,2,1,2,1,1,2,1,1,1,2,1,1,1,1,2,1,2,1,1,2,2,1,2,2,1,2,1,1,1,2,1,1,1,1,2,2,1,1,1,1,1,2,1,2,2,1,2,2,2,1,1,2,2,2,1,1,1,2,2,2,2,1,1,1,1,1,1,2,1,2,2,2,2,2,1,2,1,2,1,2,2,1,2,1,2,1,1,2,1,1,1,2,1,2,2,2,1,2,1,2,2,2,1,1,1,2,1,2,2,1,1,2,1,1,1,1,2,2,1,1,1,1,1,2,2,2,1,1,2,2,1,2,1,1,1,2,1,1,1,2,2,1,2,1,1,1,2,2,2,1,1,1,1,1,2,1,2,2,1,1,1,2
MK0047,1,47,2,1,2,1,2,1,2,1,2,1,1,1,1,1,2,2,2,1,1,2,2,2,1,2,1,2,2,1,1,1,1,1,1,2,2,1,1,1,2,1,2,1,1,2,1,1,1,2,1,1,1,1,2,1,2,1,1,2,2,1,2,2,1,2,1,1,1,2,1,1,1,1,2,2,1,1,1,1,1,2,1,2,2,1,2,2,2,1,1,2,2,2,1,1,1,2,2,2,2,1,1,1,1,1,1,2,1,2,2,2,2,2,1,2,1,2,1,2,2,1,2,1,2,2,2,2,1,1,1,2,1,2,2,2,1,2,1,2,2,2,1,1,1,2,1,2,2,1,1,2,1,1,1,1,2,2,1,1,1,1,1,2,2,2,1,1,2,2,1,2,1,1,1,2,1,1,1,2,2,1,2,1,1,1,2,2,2,1,1,1,1,1,2,1,2,2,1,1,1,2
MK0049,1,49,2,1,2,1,2,1,2,1,2,1,1,1,1,1,2,2,2,1,1,2,2,2,1,2,1,2,2,1,1,1,1,1,1,2,2,1,1,1,2,1,2,1,1,2,1,1,1,2,1,1,1,1,2,1,2,1,1,2,2,1,2,2,1,2,1,1,1,2,1,1,1,1,2,2,1,1,1,1,1,2,1,2,2,1,2,2,2,1,1,2,2,2,1,1,1,2,2,2,2,1,1,1,1,1,1,2,1,2,2,2,2,2,1,2,1,2,1,2,2,1,2,1,2,2,2,2,1,1,1,2,1,2,2,2,1,2,1,2,2,2,1,1,1,2,1,2,2,1,1,2,1,1,1,1,2,2,1,1,1,1,1,2,2,2,1,1,2,2,1,2,1,1,1,2,1,1,1,2,2,1,2,1,1,1,2,2,2,1,2,1,1,1,2,1,2,2,1,1,1,2
MK0050,1,50,2,1,2,1,2,1,2,1,2,1,1,1,1,1,2,2,2,1,1,2,2,2,1,2,1,2,2,1,1,1,1,1,1,2,2,1,1,1,2,1,2,1,1,2,1,2,1,2,1,1,1,1,2,1,2,1,1,2,2,1,1,2,1,2,1,1,1,2,1,1,1,1,2,2,1,1,1,1,1,2,1,2,2,1,2,2,2,1,1,2,2,2,1,1,1,2,2,2,2,1,1,1,1,1,1,2,1,2,2,2,2,2,1,2,1,2,1,2,2,1,2,1,2,2,2,2,1,1,1,2,1,2,2,2,1,2,1,2,2,2,1,1,1,2,1,2,2,1,1,2,1,1,1,1,2,2,1,2,1,1,1,2,2,2,1,1,2,1,1,2,1,1,1,2,1,1,1,2,2,1,2,1,1,1,2,2,2,1,2,1,1,1,2,1,2,2,1,1,1,2
MK0052,1,52,2,1,2,1,2,1,2,1,2,2,1,1,1,1,2,2,2,1,1,2,2,2,1,1,1,2,2,1,1,1,1,1,1,2,2,1,1,1,2,1,2,1,1,2,1,2,1,2,1,1,1,1,2,1,2,1,1,2,2,1,1,2,1,2,1,1,1,2,1,1,1,1,2,2,1,1,1,1,1,2,1,2,2,1,2,2,2,1,1,2,2,2,1,1,1,2,2,2,2,1,1,1,1,1,1,2,1,2,2,2,2,2,1,2,1,2,1,2,2,1,2,1,2,2,2,2,1,1,1,2,1,2,2,2,1,2,1,2,2,2,1,1,1,2,1,2,2,1,1,2,1,1,1,1,2,2,1,2,1,1,1,2,2,2,1,1,2,1,1,2,1,1,1,2,1,1,1,2,2,1,2,1,1,1,2,2,2,1,2,2,1,1,1,1,2,2,1,1,1,2
MK0054,1,54,2,1,2,1,2,1,2,1,2,2,1,1,1,1,2,2,2,1,1,2,2,2,1,1,1,2,2,1,2,1,1,1,1,2,2,1,2,1,2,1,2,1,1,2,1,2,1,2,1,1,1,1,2,1,2,1,1,2,2,1,1,2,1,2,1,1,1,2,1,1,1,1,2,2,1,1,1,1,1,2,1,2,2,1,2,2,1,1,1,2,2,2,1,1,1,2,2,2,1,1,1,1,1,1,1,2,1,2,2,2,2,2,1,2,1,2,1,2,2,1,2,1,2,2,2,2,1,1,1,2,1,2,2,2,1,2,1,2,1,1,1,1,1,2,1,2,2,1,1,2,1,1,1,1,2,2,1,2,1,1,1,2,2,2,1,1,2,1,1,2,1,1,1,2,1,1,1,2,2,1,2,1,1,1,2,2,2,1,2,2,1,1,1,1,2,2,1,1,1,2
MK0055,1,55,2,1,2,1,2,1,2,1,2,2,1,1,1,1,2,2,2,1,1,2,2,2,1,1,1,2,2,1,2,1,1,1,1,2,2,1,2,1,2,1,2,1,1,2,1,2,1,2,1,1,1,1,2,1,2,1,1,2,2,1,1,2,1,2,1,1,1,2,1,1,1,1,2,2,1,1,1,1,1,2,1,2,2,1,2,2,1,1,1,2,2,2,1,1,1,2,2,2,1,1,1,1,1,1,1,2,1,2,2,2,2,2,1,2,1,2,1,2,2,1,2,1,2,2,2,2,1,1,1,2,1,2,2,2,1,2,1,2,1,1,1,1,1,2,1,2,2,1,1,2,1,1,1,1,2,2,1,2,1,1,1,2,2,2,1,1,2,1,1,2,1,1,1,2,1,1,1,2,2,1,2,1,1,1,2,2,2,1,2,2,1,1,1,1,2,2,1,1,1,1
MK0056,1,56,2,1,2,1,2,1,2,1,2,2,1,1,1,1,2,2,2,1,1,2,2,2,1,1,1,2,2,1,2,1,1,1,1,2,2,1,2,1,2,1,2,1,1,2,1,2,1,2,1,1,1,1,2,1,2,1,1,2,2,1,1,2,1,2,1,1,1,2,1,1,1,1,2,2,1,1,1,1,2,2,1,2,2,1,2,2,1,1,1,2,2,2,1,1,1,2,2,2,1,1,1,1,1,1,1,2,1,2,2,2,2,2,1,2,1,2,1,2,2,1,2,1,2,2,2,2,1,1,1,2,1,2,2,2,1,2,1,2,1,1,1,1,1,2,1,2,2,1,1,2,1,1,1,1,2,2,1,2,1,1,1,2,2,2,1,1,2,1,1,2,1,1,1,2,1,1,1,2,2,1,2,1,1,1,2,1,2,1,2,2,1,1,1,1,2,2,1,1,1,1
MK0057,1,57,2,1,2,1,2,1,2,1,2,2,1,1,1,1,2,2,2,1,2,2,2,2,1,1,1,2,2,1,2,1,1,1,1,2,2,1,2,1,2,1,2,1,1,2,1,2,1,2,1,1,1,1,2,1,2,1,1,2,2,1,1,2,1,2,1,1,1,2,1,1,1,1,2,2,1,1,1,1,2,2,1,2,2,1,2,2,1,1,1,2,2,2,1,1,1,2,2,2,1,1,1,1,1,1,1,2,1,2,2,2,2,2,1,2,1,2,1,2,2,1,1,1,2,2,2,2,1,1,1,2,1,2,2,2,2,2,1,2,1,1,1,1,1,2,1,2,2,1,2,2,1,1,1,1,2,2,1,2,1,1,1,2,2,2,1,1,2,1,1,2,1,1,1,1,1,1,1,2,2,1,2,1,1,1,2,1,2,1,2,2,1,1,1,1,2,2,1,1,1,1
MK0059,1,59,2,1,2,1,2,1,2,1,1,2,1,1,1,1,2,2,2,1,2,2,2,2,1,1,1,2,2,1,2,1,1,1,1,2,2,1,2,1,2,1,2,1,1,2,1,2,1,2,1,1,1,2,2,1,2,1,1,2,2,1,2,2,1,2,1,1,1,2,1,1,1,1,2,2,2,1,1,1,2,2,1,2,2,1,2,2,1,1,1,2,2,2,1,1,1,2,2,2,1,1,1,2,1,1,1,2,2,2,2,2,2,2,1,2,1,2,1,2,2,1,2,1,2,1,2,2,1,1,1,2,1,2,2,2,2,2,1,2,1,2,1,1,1,2,1,2,2,1,2,2,1,1,1,1,2,2,1,1,1,1,1,2,2,2,1,1,2,1,1,2,1,1,1,2,1,1,1,2,2,1,2,1,1,1,2,1,2,1,2,2,1,1,1,1,2,2,1,1,1,1
MK0060,1,60,2,1,2,1,2,1,2,2,1,2,1,1,1,1,2,2,2,1,2,2,2,2,1,1,1,2,2,1,2,1,1,1,1,2,2,1,2,1,2,1,2,1,1,2,1,2,1,2,1,1,1,2,2,1,2,1,1,2,2,1,2,2,1,2,1,1,1,2,1,1,1,1,2,2,2,1,1,1,2,2,1,2,2,1,2,2,1,1,1,2,2,2,1,1,1,2,1,2,1,1,1,2,1,1,1,2,2,2,2,2,2,2,1,2,1,2,1,2,2,1,2,1,2,1,2,2,1,2,2,2,1,2,2,2,2,2,1,2,1,2,1,1,1,2,1,2,2,1,2,2,1,2,1,1,2,2,1,1,1,1,1,2,2,1,1,1,2,1,1,2,1,1,1,1,1,1,1,1,2,1,2,1,1,1,2,1,2,1,2,2,1,1,1,1,2,2,1,1,1,1
MK0062,1,62,2,1,2,1,2,1,2,2,2,2,1,1,1,1,2,2,2,1,2,2,2,2,1,1,1,2,2,1,2,1,1,1,1,2,2,1,2,1,2,1,2,1,1,2,1,2,1,2,1,1,1,2,1,1,2,1,1,2,2,1,2,2,1,2,1,1,1,2,1,1,2,1,2,2,2,1,1,1,2,2,1,2,2,1,2,2,1,1,1,2,2,2,1,2,1,2,1,2,1,2,1,2,1,1,1,2,2,2,2,2,2,1,1,1,1,1,1,2,2,1,2,1,2,1,2,2,1,2,2,2,1,2,2,2,2,2,1,2,1,2,1,1,1,2,1,2,2,1,2,2,1,2,1,1,2,2,1,1,2,1,1,2,2,1,1,1,2,1,1,2,1,1,1,1,1,1,1,1,2,1,2,1,1,1,1,1,2,1,2,2,1,1,1,1,2,1,1,1,1,1
MK0063,1,63,2,1,2,1,2,1,2,1,2,2,1,1,1,1,2,2,2,1,2,2,2,2,1,1,1,2,2,1,2,1,1,1,1,2,2,1,2,1,2,1,2,1,1,2,1,2,1,2,1,1,1,2,1,1,2,1,1,2,2,1,2,2,1,2,1,1,1,2,1,1,2,1,2,2,2,1,1,1,2,2,1,2,2,1,2,2,1,1,1,2,2,2,1,2,1,2,1,2,1,2,1,2,1,1,1,2,2,2,2,2,2,1,1,1,1,1,1,2,2,1,2,1,2,1,2,2,1,2,2,2,1,2,2,2,2,2,1,2,1,2,1,1,1,2,1,2,2,1,2,2,1,2,1,1,2,2,1,1,2,1,1,2,2,1,1,1,2,1,1,2,1,1,1,1,1,1,1,1,2,1,2,1,1,1,1,1,2,1,2,2,1,1,1,1,2,1,1,1,1,1
MK0064,1,64,2,1,2,1,2,1,2,1,2,2,1,1,1,1,2,1,2,1,2,2,2,2,1,1,1,2,2,1,2,1,2,1,1,2,2,1,2,1,1,1,2,1,1,2,1,2,1,2,1,1,1,2,1,1,2,1,1,2,2,1,2,2,1,2,1,1,1,2,1,1,2,1,2,2,2,1,1,1,2,2,1,2,2,1,2,2,1,1,1,2,2,2,1,2,1,2,1,2,1,2,1,2,1,1,1,2,2,2,2,2,2,1,1,1,1,1,1,2,2,1,2,1,2,1,2,2,1,2,2,2,1,2,2,2,2,2,1,2,1,2,1,1,1,2,1,2,2,1,2,2,1,2,1,1,2,2,1,1,2,1,1,2,2,1,1,1,2,1,1,2,1,1,1,1,1,1,1,1,2,1,2,1,1,1,1,1,2,1,2,2,1,1,1,1,2,1,1,1,1,1
MK0066,1,66,2,1,2,2,2,1,2,1,2,2,1,1,1,1,1,1,2,1,2,2,2,2,1,1,1,2,2,1,2,1,2,1,1,2,2,1,2,1,1,1,2,1,1,2,1,2,1,2,1,1,1,2,1,1,2,1,1,2,2,1,1,2,1,2,1,1,1,2,1,1,2,2,2,2,1,1,1,1,2,2,1,2,2,1,2,2,1,1,1,2,2,2,1,2,1,2,2,2,1,2,1,2,1,1,1,2,2,2,2,2,2,1,1,1,1,1,1,2,2,1,2,1,2,1,2,2,1,2,2,2,1,2,2,2,2,2,1,2,1,1,1,1,1,2,1,2,2,1,2,2,2,2,1,1,1,2,1,1,2,1,1,2,2,1,1,1,2,1,1,2,1,1,1,1,1,1,1,2,2,2,2,1,1,1,1,1,2,1,2,2,1,1,1,1,2,1,1,1,1,1
MK0067,1,67,2,1,2,2,2,1,2,1,2,2,1,1,1,1,1,1,2,1,2,2,2,2,1,1,1,2,2,1,2,1,2,1,1,2,2,1,2,1,1,1,2,1,1,2,1,2,1,2,1,1,1,2,1,1,2,1,1,2,2,1,1,2,1,2,1,1,1,2,1,1,2,2,2,2,1,1,1,1,2,2,1,2,2,1,2,2,1,1,1,2,2,2,1,2,1,2,2,2,1,2,1,2,1,1,1,2,2,2,2,2,2,1,1,1,1,1,1,2,2,1,2,1,2,1,2,2,1,2,2,2,1,2,2,2,2,2,1,2,1,1,1,1,1,2,1,2,2,1,2,2,2,2,1,1,1,2,1,1,2,1,1,2,2,1,1,1,2,1,1,2,1,1,1,1,1,1,1,2,2,2,2,1,1,1,1,1,2,1,2,2,1,1,1,1,2,1,1,1,1,1
MK0069,1,69,2,1,2,2,2,1,2,1,2,1,1,1,1,1,1,1,2,1,2,2,2,2,1,1,1,2,2,1,2,1,2,1,2,2,2,1,2,1,1,1,2,1,1,2,1,2,1,2,1,1,1,2,1,1,2,1,1,2,2,1,1,2,1,2,1,1,1,2,1,1,2,2,2,2,1,1,1,1,2,2,1,2,2,1,2,2,1,1,1,2,2,2,2,2,1,2,2,2,1,2,1,2,1,1,1,2,2,2,2,2,2,1,1,1,1,1,1,2,2,1,1,1,2,1,2,2,1,2,2,2,1,2,2,2,2,2,1,2,1,1,1,1,1,2,1,2,2,1,2,2,2,2,1,1,1,2,1,1,2,1,1,2,2,1,1,1,2,1,1,2,1,1,1,1,1,1,1,2,2,2,2,1,1,1,1,1,2,1,1,2,1,1,1,1,2,1,1,1,1,1
MK0071,1,71,2,1,2,2,2,1,2,1,2,1,1,1,1,1,1,1,1,1,2,2,2,2,1,1,1,2,2,1,2,1,2,1,2,2,2,1,2,1,1,1,2,1,1,2,1,1,1,2,1,1,1,2,1,1,2,1,1,2,2,1,1,2,1,2,1,1,1,2,1,1,2,2,2,2,1,1,1,1,2,2,1,2,2,1,2,2,1,1,2,2,2,2,2,2,1,2,2,2,1,2,1,2,1,1,1,2,2,2,2,2,2,1,1,1,1,1,1,2,2,1,2,1,2,1,2,2,1,2,2,2,2,2,2,2,2,2,1,2,1,1,1,1,1,2,1,2,2,1,2,2,2,2,1,1,1,2,1,1,2,1,1,2,2,1,1,1,2,1,1,2,1,1,1,2,1,1,1,2,2,2,2,1,1,1,1,1,2,1,1,2,1,1,1,1,2,1,1,1,1,1
MK0072,1,72,2,1,2,2,2,1,2,1,2,1,1,1,1,1,1,2,1,1,1,2,2,2,1,1,1,2,2,1,2,1,2,1,2,2,2,1,2,1,1,1,2,1,1,2,1,1,1,2,1,1,1,2,1,1,2,1,1,2,2,1,1,2,2,2,1,1,1,2,1,1,2,2,2,1,1,1,1,1,2,2,1,2,2,1,2,2,1,1,2,2,2,2,2,2,1,2,2,2,1,2,1,2,1,1,1,2,2,2,2,2,2,1,1,1,1,1,1,2,2,1,2,1,2,1,2,2,1,2,2,2,2,2,2,2,2,2,1,2,1,1,1,1,1,2,1,2,2,1,2,2,2,2,1,1,1,2,1,1,2,1,1,2,2,1,1,1,2,1,1,2,1,1,1,2,1,1,1,2,2,2,2,1,1,1,1,1,2,1,1,2,1,1,1,1,2,1,1,1,1,1
MK0073,1,73,2,1,2,2,2,1,2,1,2,1,1,1,1,1,1,2,1,1,1,2,2,2,1,1,1,2,2,1,1,1,2,1,2,2,2,1,2,1,1,1,2,1,1,2,1,1,1,2,1,1,1,2,1,1,2,1,1,2,2,1,1,2,2,2,1,1,1,2,1,1,2,2,2,1,1,1,1,1,2,2,1,2,2,1,2,2,1,1,2,2,2,2,2,2,1,2,2,2,1,2,1,2,1,1,1,2,2,2,2,2,2,1,1,1,1,1,1,2,2,1,2,1,2,1,2,2,1,2,2,2,2,2,2,2,2,2,1,2,1,1,1,1,1,2,1,2,2,1,2,2,2,2,1,1,1,2,1,1,2,1,1,2,2,1,1,1,2,1,1,2,1,1,1,2,1,1,1,2,2,2,2,1,1,1,1,1,2,1,1,2,1,1,1,1,2,1,1,1,1,1
MK0079,1,79,2,1,2,2,2,1,2,1,2,1,1,1,1,1,1,2,1,1,1,2,2,2,1,1,1,2,2,1,1,1,2,2,2,2,2,1,2,1,1,1,2,1,1,2,1,1,1,2,1,1,1,2,1,1,2,1,1,2,2,1,1,2,2,2,1,1,1,2,1,1,2,2,2,1,1,1,1,1,2,2,1,2,2,1,2,2,1,1,2,2,2,2,2,2,1,2,2,2,1,2,1,2,1,1,1,2,2,2,2,2,2,1,1,1,1,1,1,2,2,1,2,1,2,1,2,2,1,2,1,2,2,2,2,1,2,2,1,2,1,1,1,1,2,2,1,2,2,1,2,2,2,2,1,1,1,2,1,1,2,1,1,2,2,1,1,1,2,2,2,2,1,1,1,2,1,1,1,2,2,2,2,1,1,1,1,1,2,1,1,2,1,1,1,1,2,1,1,1,1,1
MK0080,1,80,2,1,2,2,2,1,2,1,2,1,1,1,1,1,1,2,1,1,1,2,2,2,1,1,1,2,2,1,1,1,2,2,2,2,2,1,2,1,1,1,2,1,1,2,1,1,1,2,1,1,1,2,1,1,2,1,1,2,2,1,1,2,2,2,1,1,1,2,1,1,2,1,2,1,1,1,1,1,2,2,1,2,2,1,2,2,1,1,2,2,2,2,1,2,1,2,2,2,1,2,1,1,1,1,1,2,1,2,2,2,2,1,1,1,1,1,1,2,2,1,2,1,2,1,2,2,1,2,1,2,2,2,2,1,2,2,1,2,1,1,1,1,2,2,1,2,2,1,2,2,2,1,1,1,1,2,1,1,1,1,1,2,2,1,1,1,1,2,2,2,1,1,1,2,1,1,1,2,2,2,2,1,1,1,1,1,2,1,1,2,1,1,1,1,2,1,1,1,1,1
MK0082,1,82,2,1,2,2,2,1,2,1,2,1,1,1,1,1,1,2,1,1,1,2,2,2,1,1,1,2,2,1,1,1,2,2,2,2,2,1,2,1,1,1,2,1,1,2,1,1,1,2,1,1,1,2,1,1,2,1,1,2,2,1,1,2,2,2,1,1,1,2,1,1,2,1,2,1,1,1,1,1,2,1,1,2,2,1,2,2,1,1,2,2,2,2,1,2,1,2,2,2,1,2,1,1,1,1,1,2,1,2,2,2,2,1,1,1,1,1,1,1,2,1,1,1,2,1,2,2,1,2,1,2,2,2,2,1,2,2,1,2,1,1,1,1,2,2,1,2,2,1,2,2,2,1,1,1,1,2,1,1,1,1,1,2,2,1,1,1,1,2,2,2,1,1,1,1,1,1,1,2,2,2,2,1,1,1,1,1,2,1,1,2,1,1,1,1,2,1,1,1,1,1
MK0083,1,83,2,1,2,2,2,1,2,1,2,1,1,1,1,1,1,2,1,1,1,2,2,2,1,1,1,2,2,1,1,1,2,2,2,2,2,1,2,1,1,1,2,1,1,2,1,1,1,2,1,1,1,2,1,1,2,1,1,2,2,1,1,2,2,2,1,1,1,2,1,1,2,1,2,1,1,1,1,1,2,1,1,2,2,1,2,2,1,1,2,2,2,2,1,2,1,2,2,2,1,2,1,1,1,1,1,2,1,2,2,2,2,1,1,1,1,1,1,1,2,1,1,1,2,1,2,2,1,2,1,2,2,2,2,1,2,2,1,2,1,1,1,1,2,2,1,2,2,1,2,2,2,1,1,1,1,2,1,1,1,1,1,2,2,1,1,1,1,2,2,2,1,1,1,1,1,1,1,2,2,2,2,1,1,1,1,1,2,1,1,2,1,1,1,1,2,1,1,1,1,1
MK0084,1,84,2,1,2,2,2,1,2,1,2,1,1,1,1,1,1,2,1,1,1,2,2,2,1,1,1,2,1,1,1,1,2,2,2,2,2,1,2,1,1,1,2,1,1,2,1,1,1,2,1,1,1,2,1,1,2,1,1,2,2,1,1,2,2,2,1,1,1,2,1,1,2,1,2,1,1,1,1,1,2,1,1,2,2,1,2,2,1,1,2,2,2,2,2,2,1,2,2,2,1,2,1,1,1,1,1,2,1,2,2,2,2,1,1,1,1,1,1,1,2,1,1,1,2,1,2,2,1,2,1,2,2,2,2,1,2,2,1,2,1,1,1,1,2,2,1,2,2,1,2,2,2,1,1,1,2,2,1,1,1,1,1,2,2,1,1,1,1,2,2,2,1,1,1,1,1,1,1,2,2,2,2,1,1,1,1,1,2,1,1,2,1,1,1,1,2,1,1,1,1,1
MK0086,1,86,2,1,2,2,2,1,2,1,2,1,1,1,1,1,1,2,1,1,1,2,2,2,1,1,1,2,1,1,1,1,2,2,2,2,2,1,2,1,1,1,2,1,1,2,1,1,1,2,1,1,1,2,1,1,2,1,1,2,2,1,1,2,2,2,1,1,1,2,1,1,2,1,2,1,1,1,1,1,2,1,1,2,2,1,2,2,1,1,2,2,2,2,2,2,1,2,2,2,1,2,1,1,1,1,2,2,1,2,2,2,2,1,1,1,1,1,1,1,2,1,1,1,2,1,2,2,1,2,1,2,2,2,2,1,2,2,1,2,1,1,1,1,2,2,1,2,2,1,2,2,2,1,1,1,2,2,1,1,1,1,1,2,2,1,1,1,1,2,2,2,1,1,1,1,1,1,1,2,2,2,2,1,1,1,1,1,2,1,1,2,1,1,1,1,2,1,1,1,1,1
MK0087,1,87,2,1,2,2,2,1,1,1,2,1,1,1,1,1,1,2,1,1,1,2,2,2,1,1,1,2,1,1,1,1,2,2,2,2,2,1,2,1,1,1,2,1,1,2,1,1,1,2,1,1,1,1,1,1,2,1,1,2,2,1,1,2,2,2,1,1,1,2,1,1,2,1,2,1,1,1,1,1,2,1,1,2,2,1,2,2,1,1,2,2,2,2,2,2,1,2,2,2,1,2,1,1,1,1,2,2,1,2,2,2,2,1,1,1,1,1,1,1,2,1,1,1,2,2,1,2,1,2,1,2,2,2,2,1,2,2,1,2,1,1,1,1,2,2,1,2,2,1,2,2,2,1,1,1,2,2,1,1,1,1,1,2,2,1,1,1,1,2,2,2,1,1,1,1,1,1,1,2,2,2,2,1,1,1,1,1,2,1,1,2,1,1,1,1,2,1,1,1,1,1
MK0088,1,88,1,1,2,2,2,1,1,1,2,1,1,1,1,1,1,2,1,1,1,2,2,2,1,1,1,2,1,1,1,1,2,2,2,2,2,2,2,1,1,1,2,1,2,2,1,1,1,2,1,1,1,1,1,1,2,1,1,2,2,1,1,2,2,2,1,1,1,2,1,1,2,1,2,1,1,1,1,1,2,1,1,2,2,2,2,2,1,1,2,2,2,2,2,2,1,2,2,2,1,2,1,1,1,1,2,2,1,2,2,2,2,1,1,1,1,1,1,1,2,1,1,1,2,2,1,2,1,2,1,2,2,2,2,1,2,2,1,2,1,1,1,1,2,2,1,2,2,1,2,2,2,1,1,1,1,2,1,1,1,1,1,2,2,1,1,1,1,2,2,2,1,2,1,1,1,1,1,2,2,2,2,1,1,1,1,1,2,1,1,2,1,1,1,1,2,1,1,1,1,1
MK0089,1,89,1,2,2,2,2,1,1,1,2,1,1,1,1,1,1,2,1,1,1,2,2,2,1,1,1,2,1,1,1,1,2,2,2,2,2,2,2,1,1,1,2,1,2,2,1,1,1,2,1,1,1,1,1,1,2,1,1,2,2,1,1,2,2,2,1,1,1,2,1,1,2,1,2,1,1,1,1,1,2,1,1,2,2,2,2,2,1,1,2,2,2,2,2,2,1,2,2,2,1,2,1,1,1,1,2,2,1,2,2,1,2,1,1,1,1,1,1,1,2,1,1,1,2,2,1,2,1,2,1,2,2,2,2,1,2,2,1,2,1,1,1,1,2,2,1,2,2,1,2,2,2,1,1,1,1,2,1,1,1,1,1,2,2,1,1,1,1,2,2,2,1,2,1,1,1,1,1,2,2,2,2,1,1,2,1,1,2,1,1,2,1,1,1,1,2,1,1,1,1,1
MK0092,1,92,1,2,2,2,2,1,1,1,2,1,1,1,1,1,1,2,1,1,1,2,2,2,1,1,1,2,1,1,1,1,2,2,2,2,2,2,2,1,1,1,2,1,2,2,1,1,1,2,1,1,1,1,1,1,2,1,1,2,1,1,1,2,2,2,1,1,1,2,1,1,2,1,2,1,1,1,1,1,2,1,1,2,2,2,2,2,1,1,2,2,2,2,2,2,1,2,2,2,1,2,1,1,1,1,2,2,1,2,2,1,2,1,1,1,1,1,1,1,2,1,1,1,2,2,1,2,1,2,1,2,2,2,2,1,2,2,1,2,1,1,1,1,2,2,1,2,2,1,2,2,2,1,1,1,1,2,1,1,1,1,1,1,2,1,1,1,1,2,2,2,1,1,1,1,1,1,1,2,2,2,2,1,1,2,1,1,2,1,1,2,1,1,1,1,2,1,1,1,1,2
MK0094,1,94,1,2,2,2,2,1,1,1,2,1,1,1,1,1,1,2,1,1,1,2,2,2,1,1,1,2,1,1,1,1,2,2,2,2,2,2,2,1,1,1,2,1,2,2,1,1,1,2,1,1,1,1,1,1,2,1,1,2,1,1,1,2,2,2,1,1,2,2,1,1,2,1,2,1,1,1,1,1,2,1,1,2,2,2,2,2,1,1,2,2,2,2,2,2,1,2,2,2,1,2,1,1,1,1,2,2,1,2,2,1,2,1,1,1,1,1,1,1,2,1,1,1,2,2,1,2,2,2,1,2,2,2,2,1,2,2,1,2,1,1,1,1,2,2,1,2,2,1,2,2,2,1,1,1,1,2,1,1,1,1,1,1,2,1,1,1,1,2,2,2,1,1,1,1,1,1,1,2,2,2,2,1,1,2,1,1,2,1,1,2,1,1,1,1,2,1,1,1,1,2
MK0095,1,95,1,2,2,2,2,1,1,1,2,1,1,1,1,1,1,1,1,1,1,2,2,2,1,1,1,2,1,1,1,1,2,2,2,2,2,2,2,1,1,1,2,1,1,2,1,1,1,2,1,1,1,1,1,1,2,1,1,2,1,1,1,2,2,2,1,1,2,2,1,1,2,2,2,1,1,1,1,1,2,1,1,2,1,2,2,2,1,1,2,2,1,2,2,2,1,2,2,2,1,2,1,1,1,1,2,2,1,2,2,1,2,1,1,1,1,1,1,1,2,1,1,1,2,1,1,2,2,2,2,2,2,2,2,1,2,2,1,2,1,1,1,1,2,2,1,2,2,1,2,2,2,1,1,1,2,2,1,1,1,1,1,1,2,1,1,1,1,2,2,2,1,1,1,1,1,1,1,2,2,2,2,1,1,2,1,1,2,1,1,2,1,1,1,1,2,1,1,1,1,2
MK0096,1,96,1,2,2,2,2,1,1,1,2,1,1,1,1,1,1,1,1,1,1,2,2,2,1,1,1,2,2,1,1,1,2,2,2,2,2,2,2,1,1,1,2,1,1,2,1,1,1,2,1,2,1,1,1,1,2,1,1,2,1,1,1,2,2,2,1,1,2,2,1,1,2,2,2,1,1,1,1,1,2,1,1,2,1,2,2,2,1,1,2,2,2,2,2,2,1,2,2,2,1,2,2,1,1,1,2,2,1,2,2,1,2,1,1,1,1,1,1,1,2,1,1,1,2,1,1,2,2,2,2,2,2,2,2,1,2,2,1,2,1,1,1,2,2,2,1,2,2,1,2,2,2,1,1,1,2,2,1,1,1,1,1,1,2,1,1,1,1,2,1,2,1,1,1,1,1,1,1,1,2,2,2,1,1,2,1,1,2,1,1,2,1,1,1,1,1,1,1,1,1,2
MK0099,1,99,1,2,2,2,2,1,1,1,2,1,1,1,1,1,1,1,1,1,1,2,2,2,1,1,1,2,2,1,1,1,2,2,2,2,2,2,2,1,1,1,2,1,1,1,1,1,1,2,1,2,1,1,1,1,2,1,1,2,1,1,1,2,2,2,1,1,2,2,1,1,2,2,2,1,1,1,1,1,2,1,1,2,1,2,2,2,1,1,2,2,2,2,2,2,1,2,2,2,1,2,2,1,1,1,2,1,1,2,2,1,1,1,1,1,1,1,1,1,2,1,1,1,2,1,1,2,2,2,2,2,2,2,2,1,2,2,1,2,1,1,1,2,2,2,1,2,2,2,2,2,2,1,1,1,2,2,1,1,1,1,1,1,2,1,1,1,1,2,2,2,1,1,1,1,1,2,1,1,2,2,2,1,1,2,1,1,2,1,1,2,1,1,1,1,1,1,1,1,1,2
MK0100,1,100,1,2,2,2,2,1,1,1,2,1,1,1,1,1,1,1,1,1,1,2,2,2,1,1,1,2,2,1,1,1,2,1,2,2,2,2,2,1,1,1,2,1,1,2,1,1,1,2,1,2,1,1,1,1,2,1,1,2,1,1,1,2,2,2,1,1,2,2,1,1,2,2,2,1,1,1,1,1,2,1,1,2,1,2,2,2,1,1,2,2,2,2,2,2,1,2,2,2,1,2,2,1,1,1,2,1,1,2,2,1,1,1,1,1,1,1,1,1,2,1,1,1,2,1,1,2,2,2,2,2,2,2,2,1,2,2,1,2,1,1,1,2,2,2,1,2,2,2,2,2,2,1,1,1,2,2,1,1,1,1,1,1,2,1,1,1,1,2,2,2,1,1,1,1,1,2,1,1,2,2,2,1,1,2,1,1,2,1,1,2,1,1,1,1,1,1,1,1,1,2
MK0102,1,102,1,2,2,2,2,1,2,1,2,1,1,1,1,1,1,1,1,2,1,2,2,2,1,1,1,2,2,1,1,1,2,1,2,2,2,2,2,1,1,1,2,1,1,2,1,1,1,2,1,2,1,1,1,1,2,1,1,2,1,1,1,2,2,2,1,1,2,2,1,1,2,2,2,1,1,1,1,1,2,1,1,2,1,2,2,2,1,1,2,2,2,2,2,2,1,2,2,2,1,2,2,1,1,1,2,1,1,2,2,1,1,1,1,1,1,1,1,1,2,1,1,1,2,1,1,2,2,2,2,2,2,2,2,1,2,2,1,2,1,1,2,2,2,2,1,2,2,2,2,2,2,1,1,1,2,2,1,1,1,1,1,1,2,1,1,1,1,2,2,2,1,1,1,1,1,2,1,1,2,2,2,1,1,2,1,1,2,1,1,2,1,1,1,1,1,1,1,1,2,2
MK0103,1,103,1,2,1,2,2,1,2,1,2,1,1,1,1,1,1,2,2,2,1,2,2,2,1,1,1,2,2,1,1,1,2,1,2,2,2,1,2,1,1,1,2,1,1,2,2,1,1,2,1,2,1,1,1,1,2,1,1,2,1,1,1,2,2,2,1,1,2,2,1,1,2,2,2,1,1,1,1,1,2,1,1,2,1,2,2,2,1,2,2,2,2,2,2,2,1,2,2,2,1,2,2,1,1,1,2,1,1,2,2,1,1,1,1,1,2,1,1,1,2,1,1,1,2,1,1,2,2,2,1,2,2,1,2,1,2,2,1,2,1,2,2,2,2,2,1,2,2,2,2,2,2,1,1,1,2,2,1,1,1,1,1,1,2,1,1,1,1,2,2,2,1,1,1,1,1,2,1,1,2,2,2,1,1,2,1,1,2,1,1,2,1,1,1,1,1,1,1,2,1,1
MK0106,1,106,1,2,1,2,2,1,2,1,2,1,1,1,1,1,1,2,2,2,1,2,2,2,1,1,1,2,2,1,1,1,2,1,2,2,2,1,2,1,1,1,2,1,1,2,2,1,1,2,1,2,1,1,1,1,2,1,1,2,1,1,1,2,2,2,1,1,2,2,1,1,2,2,2,1,1,1,1,1,2,1,1,2,1,2,2,2,1,2,2,1,2,2,2,2,1,2,2,2,1,2,2,1,1,1,2,1,1,2,2,1,1,1,1,1,2,1,1,1,2,1,1,1,2,1,1,2,2,2,1,2,2,1,2,1,2,2,1,2,1,2,2,2,2,2,1,2,2,2,2,2,2,1,1,1,2,2,1,1,1,1,1,1,2,1,1,1,1,2,2,2,1,1,1,1,2,2,1,1,2,2,2,1,1,2,1,1,2,1,1,2,1,1,1,1,1,1,1,2,1,1
MK0107,1,107,1,2,2,2,2,1,2,1,2,2,1,1,1,1,1,2,2,2,1,2,2,2,1,1,1,2,2,1,1,1,2,1,2,2,2,1,2,1,1,1,2,1,1,2,2,1,1,2,1,2,1,1,1,1,2,1,1,2,2,1,1,2,2,2,1,2,2,1,1,1,2,2,2,1,1,1,1,1,2,1,1,2,1,2,2,2,1,2,2,1,2,2,2,2,1,2,2,2,1,2,2,1,1,1,2,1,1,2,2,1,1,1,1,1,2,1,1,1,2,1,1,1,2,1,1,2,2,2,1,2,2,1,2,1,2,2,1,2,1,1,2,2,2,2,1,2,2,2,2,2,2,1,1,1,2,2,1,1,1,1,1,1,2,1,1,1,1,2,2,2,1,1,1,1,2,2,1,1,2,2,2,1,1,2,1,1,2,1,1,2,1,1,1,1,1,1,1,2,1,1
MK0108,1,108,1,2,2,2,2,1,2,2,2,2,1,1,1,1,1,2,2,2,1,2,2,2,1,1,1,2,2,1,1,1,2,1,2,2,2,1,2,1,1,1,2,1,1,2,2,1,1,2,1,2,1,1,1,1,2,1,1,2,2,1,1,2,2,2,1,2,2,1,1,1,2,2,2,1,1,1,1,1,2,1,1,2,1,2,2,2,1,2,2,1,2,2,2,2,1,2,2,2,1,2,2,1,2,1,2,1,1,2,2,1,1,1,1,1,2,1,1,1,2,1,1,1,2,1,1,2,1,2,1,2,2,2,2,1,2,2,1,2,1,1,2,2,2,2,1,2,2,2,2,2,2,1,1,1,2,2,1,1,1,1,1,1,2,1,1,1,1,1,2,2,1,1,1,1,2,2,1,1,2,2,2,1,1,2,1,1,2,1,1,2,1,1,1,1,1,1,1,2,1,1
MK0109,1,109,1,2,2,2,2,1,2,2,1,2,2,1,1,1,1,2,1,2,1,1,2,2,1,1,1,2,2,1,1,1,2,1,2,2,2,1,2,1,1,1,2,1,1,2,2,1,1,2,1,2,1,1,1,1,2,1,1,2,2,1,1,2,2,2,1,2,2,1,1,1,2,2,2,1,1,1,1,1,2,1,1,2,1,2,2,2,1,2,2,1,2,2,2,2,1,2,2,2,1,2,2,1,2,1,2,1,1,2,2,1,1,1,1,1,2,1,1,1,2,1,1,1,2,1,1,2,1,2,1,2,2,2,2,1,1,2,1,2,1,1,2,2,2,1,1,2,2,2,2,2,2,1,1,1,2,2,1,1,1,1,1,1,2,1,1,1,1,1,2,2,1,1,1,1,2,2,1,1,1,2,2,1,1,2,1,1,2,1,1,2,1,1,1,1,1,1,1,2,1,1
MK0110,1,110,1,2,2,2,1,1,2,2,1,2,2,1,1,2,1,2,1,2,1,1,2,2,1,1,1,2,2,1,1,1,2,1,2,2,2,1,2,1,1,1,2,1,1,2,2,1,1,2,1,2,1,1,1,1,2,1,1,2,2,1,1,2,2,2,1,2,2,1,1,1,2,2,2,1,1,1,1,1,2,1,1,2,1,2,2,2,1,2,2,1,2,2,2,2,1,2,2,2,1,2,2,1,2,1,2,1,1,2,2,1,1,1,1,1,2,1,1,1,2,1,1,1,2,1,1,2,1,2,1,2,2,2,2,1,1,2,1,2,1,1,2,2,2,1,1,2,2,2,2,2,2,1,1,1,2,2,1,1,1,1,1,1,2,1,1,1,1,1,2,2,1,1,1,1,2,2,1,1,1,2,2,1,1,2,1,1,2,1,1,2,1,1,1,1,1,1,1,2,1,1
MK0111,1,111,2,2,2,2,1,1,2,2,1,2,2,1,1,2,1,2,1,1,1,1,2,2,1,1,1,2,2,1,1,1,2,1,2,2,2,1,2,1,1,1,2,1,1,2,2,1,1,2,1,2,1,1,1,1,2,1,1,2,2,1,1,2,2,2,1,2,2,1,1,1,2,2,2,1,1,1,1,1,2,1,1,2,2,2,2,2,1,2,2,1,2,2,2,2,1,2,2,2,1,2,2,1,2,1,2,1,1,2,2,1,1,1,1,1,2,1,1,1,2,1,1,1,2,1,1,2,1,2,1,2,2,2,2,1,1,2,1,2,1,1,2,2,2,1,1,2,2,2,2,2,2,1,1,1,2,2,1,1,1,1,1,1,2,1,1,1,1,1,2,2,1,1,1,1,2,2,1,1,1,2,2,1,1,2,1,1,2,1,1,2,1,1,1,1,1,1,1,2,1,1
MK0112,1,112,2,2,2,2,1,1,2,2,1,2,2,1,1,2,1,2,1,1,1,1,2,2,1,1,1,2,2,1,1,1,2,1,2,2,2,1,2,1,1,1,2,1,1,2,2,1,1,2,1,2,1,1,1,1,2,1,1,2,2,1,1,2,2,2,1,2,2,1,1,1,2,2,2,1,1,1,1,1,2,1,1,2,2,2,2,2,1,2,2,1,2,2,2,2,1,2,2,2,1,2,2,1,2,1,2,1,1,2,2,1,1,1,1,1,2,1,1,1,2,1,1,1,2,1,1,2,1,2,1,2,2,2,2,1,1,2,1,2,1,1,2,2,2,1,1,2,2,2,2,2,2,1,1,1,2,2,1,1,1,1,1,1,2,1,1,1,1,1,2,2,1,1,1,1,2,2,1,1,1,2,2,1,1,2,1,1,2,1,1,2,1,2,1,1,1,1,1,2,1,1
MK0113,1,113,2,2,2,2,1,1,2,2,1,2,2,1,1,2,1,2,1,1,1,1,2,2,1,2,1,2,2,1,1,2,2,1,1,2,2,1,2,1,1,1,2,1,1,2,2,1,1,2,1,2,1,1,1,1,2,1,1,2,2,1,1,1,2,2,1,2,2,1,1,1,2,2,2,1,1,1,1,1,2,1,1,2,2,2,2,2,1,2,2,1,2,2,2,2,1,2,2,2,1,2,2,2,2,1,2,1,1,2,2,1,1,1,1,1,2,1,1,1,2,1,1,1,2,1,1,2,1,2,1,2,2,1,2,1,1,2,1,2,1,1,2,2,2,1,1,2,2,2,2,2,2,1,1,1,2,2,1,1,1,1,1,1,2,1,1,1,1,1,1,2,1,1,1,1,2,2,1,1,1,2,2,1,1,2,1,1,2,1,1,2,1,2,1,1,1,1,1,2,1,1
MK0114,1,114,2,2,2,2,1,1,2,1,1,2,2,1,1,2,1,2,1,1,1,1,2,2,1,2,1,2,2,1,1,2,2,1,1,2,2,1,2,1,1,1,2,1,1,2,2,1,1,2,1,2,1,1,1,1,2,1,1,2,2,1,1,1,2,2,1,2,2,1,1,1,2,2,2,1,1,1,1,2,2,1,1,2,2,2,2,2,1,2,2,1,2,2,2,2,1,2,2,1,1,2,2,2,2,1,2,1,2,2,2,2,1,1,1,1,2,1,1,1,2,1,1,2,2,1,2,2,1,2,1,2,2,1,2,1,1,2,2,2,1,1,2,2,2,1,1,2,2,2,2,2,2,1,1,1,2,2,1,1,1,1,1,1,2,1,1,1,1,1,1,2,1,1,1,1,2,2,1,1,1,2,2,1,1,2,1,1,2,1,1,2,1,2,1,1,1,2,1,2,1,1
MK0115,1,115,2,2,2,2,1,1,2,1,1,2,2,1,1,2,1,2,1,1,1,1,2,2,1,2,1,2,2,1,1,2,2,1,1,2,2,1,2,1,1,1,2,1,1,2,2,1,1,2,1,2,1,1,1,1,2,1,1,2,2,1,1,1,2,2,1,2,2,1,1,1,2,2,2,1,1,1,1,2,2,1,1,2,2,2,2,2,1,2,2,1,2,2,2,2,1,2,2,1,1,2,2,2,2,2,2,1,2,2,2,2,2,1,1,1,2,1,1,1,2,1,2,2,2,1,2,2,1,2,2,2,2,1,2,1,1,2,2,2,1,1,2,2,2,1,1,2,2,2,2,2,2,1,1,1,2,2,1,1,1,1,1,1,2,1,1,1,1,1,2,2,1,1,1,1,2,2,1,1,1,2,2,1,1,2,1,1,2,1,1,2,1,2,1,1,1,2,1,2,1,1
MK0118,1,118,2,2,2,2,1,1,2,1,1,2,2,1,1,2,1,2,1,1,1,1,2,2,1,2,1,2,2,1,1,2,2,1,1,2,2,1,2,1,1,1,2,1,1,2,2,1,1,2,1,2,1,1,1,1,2,1,1,2,2,1,1,1,2,2,1,2,2,1,1,1,2,2,2,1,1,1,2,2,2,1,1,2,2,2,2,2,1,2,2,1,2,2,2,2,1,2,2,1,1,2,1,2,2,2,2,1,2,2,2,2,1,1,1,1,2,1,1,1,2,1,2,2,2,1,2,2,1,1,1,2,2,2,2,1,1,2,2,2,1,1,1,2,2,1,1,2,2,2,2,2,2,1,1,1,2,2,1,1,1,1,1,1,2,1,1,1,1,1,2,2,1,1,1,1,2,2,1,1,1,2,2,1,1,2,1,1,2,1,1,2,1,2,1,1,1,2,1,2,1,1
MK0120,1,120,2,2,2,2,1,1,2,1,1,1,2,1,1,2,1,2,1,1,1,1,2,2,1,2,1,2,2,2,1,2,2,2,1,2,2,1,2,1,2,1,2,2,1,2,2,1,1,2,1,2,1,1,1,1,2,1,1,2,2,1,1,1,2,2,1,2,2,1,1,1,2,2,2,1,1,1,2,2,2,1,1,2,2,1,2,2,2,2,2,1,2,2,2,2,1,2,2,1,1,2,1,2,2,2,2,1,2,2,2,2,1,1,1,1,2,1,1,1,2,2,2,1,2,1,2,2,1,1,1,2,2,2,2,1,2,2,2,2,1,1,1,2,2,1,1,2,2,2,2,2,2,1,1,1,2,2,1,1,1,1,1,1,2,1,1,1,1,1,2,2,1,1,1,1,2,1,1,1,1,2,2,1,1,2,1,1,2,1,1,2,1,2,1,1,2,2,2,2,1,1
MK0121,1,121,2,2,2,2,1,1,2,1,1,1,2,1,1,2,1,2,1,1,1,1,2,2,1,2,1,2,2,2,1,2,2,2,1,2,2,1,2,1,2,1,2,2,1,2,2,1,1,2,1,2,1,1,1,1,2,2,1,2,2,1,1,1,2,2,1,2,2,1,1,1,2,2,2,1,1,1,2,2,2,1,1,2,2,1,2,2,2,2,2,1,2,2,2,2,1,2,2,1,1,2,1,2,2,2,2,1,2,2,2,2,1,2,1,1,2,1,1,1,2,2,2,1,2,1,1,2,1,1,1,2,2,2,2,1,2,2,2,2,1,1,1,2,2,1,1,2,2,2,2,2,2,1,1,1,2,2,1,1,1,1,1,2,2,1,1,1,1,1,2,2,1,1,1,1,2,1,1,1,1,2,2,1,1,2,1,1,2,1,1,2,1,2,1,1,2,2,2,2,1,1
MK0123,1,123,2,2,2,2,1,1,2,1,1,1,2,1,1,2,1,2,1,1,1,1,2,2,1,2,1,2,2,2,1,2,2,2,1,2,2,1,2,1,2,1,2,2,1,2,2,1,1,2,1,2,1,1,1,1,1,2,1,2,2,1,1,1,2,2,1,2,2,1,1,1,2,2,2,1,1,1,2,2,2,1,1,2,2,1,2,2,2,2,2,1,2,2,2,2,1,2,2,1,1,2,1,2,1,1,2,1,2,2,2,2,2,2,1,1,2,1,1,1,2,2,2,1,2,1,1,2,1,1,1,2,2,2,1,1,2,2,2,2,1,1,1,2,2,1,1,2,1,2,2,2,2,1,1,1,2,2,1,1,1,1,1,2,2,1,1,1,1,1,2,2,1,1,1,1,2,1,1,1,1,2,2,1,1,2,1,1,2,1,1,2,1,2,1,1,2,2,2,2,1,1
MK0124,1,124,2,2,2,2,1,1,2,1,1,1,2,1,1,2,1,2,1,1,1,1,2,2,1,2,1,2,2,2,1,2,2,2,1,2,2,1,2,1,2,1,2,2,1,2,2,1,1,2,1,2,1,1,1,1,1,2,1,2,2,1,2,1,2,2,1,2,2,1,1,1,2,2,2,1,1,1,2,2,2,1,1,2,2,1,2,2,2,2,2,2,2,2,2,2,1,2,2,1,1,2,1,2,1,1,2,1,2,2,2,2,2,2,1,1,2,1,1,1,2,2,2,1,2,1,2,2,1,1,1,2,2,2,1,1,2,2,2,2,1,1,1,2,2,1,1,2,1,2,2,2,2,1,1,1,2,2,1,1,1,1,1,2,2,1,1,1,1,1,2,2,1,1,1,1,2,1,1,1,1,2,2,1,1,2,1,1,2,1,1,2,1,2,1,1,2,2,2,2,1,1
MK0125,1,125,2,2,2,2,1,1,2,1,1,1,2,1,1,2,1,2,1,1,1,1,2,2,1,2,1,2,2,2,1,2,2,2,1,2,2,1,2,1,2,1,2,2,1,2,2,1,1,2,1,2,1,1,1,1,1,2,1,2,2,1,2,1,2,2,1,2,2,1,1,1,2,2,2,1,1,1,2,2,2,1,1,2,2,1,2,2,2,2,2,2,2,2,2,2,1,2,2,1,1,2,1,2,1,1,2,1,1,2,2,2,2,2,1,1,2,1,1,1,2,2,2,1,2,1,2,2,1,1,1,2,2,2,1,1,2,2,2,2,1,1,1,2,2,1,1,2,1,2,2,2,2,1,1,1,2,2,1,1,1,1,1,2,2,1,1,1,1,1,1,2,1,1,1,1,2,1,1,1,1,2,2,1,1,2,1,1,2,1,1,2,1,2,1,1,2,2,2,2,1,1
MK0126,1,126,2,2,2,1,1,1,2,1,1,2,2,1,1,2,1,2,1,1,1,1,2,2,1,2,1,2,1,2,1,2,2,2,1,2,2,1,2,1,2,1,2,2,1,2,2,1,1,2,1,2,1,1,1,1,1,2,1,2,2,1,2,1,2,2,1,2,2,1,1,1,2,2,2,1,1,2,2,2,2,1,1,2,2,1,2,2,2,2,2,2,2,2,2,2,1,2,2,1,1,2,1,1,1,1,2,1,1,2,2,2,2,2,1,1,2,1,1,1,2,1,2,1,2,1,2,2,1,1,1,2,2,2,1,1,2,2,2,2,1,1,1,2,2,1,1,2,1,2,2,2,2,1,1,1,2,2,1,1,1,1,1,2,2,1,1,1,1,1,1,2,1,2,1,1,2,1,1,1,1,2,2,1,1,2,1,1,2,1,2,2,1,2,1,1,2,2,2,2,1,1
MK0127,1,127,2,2,2,1,1,1,2,1,1,2,2,1,1,2,1,2,1,1,1,1,2,2,1,2,1,2,1,2,1,2,2,2,1,2,2,1,2,1,2,2,2,2,1,2,2,1,1,2,1,2,1,1,1,1,1,2,1,2,2,1,2,1,2,2,1,2,2,1,1,1,2,2,2,1,1,2,2,2,2,1,1,2,2,1,2,2,2,1,2,2,2,2,2,2,1,2,2,1,1,2,1,1,1,1,2,1,1,2,2,2,2,2,1,1,2,1,1,1,2,1,2,1,2,1,2,2,1,1,1,2,2,2,1,1,2,2,2,2,1,1,1,2,2,1,1,2,1,2,2,2,2,1,1,1,2,2,1,1,1,1,1,2,2,1,1,1,1,1,1,2,1,2,1,1,2,1,1,1,1,2,2,1,1,2,1,1,2,1,2,2,1,2,1,1,2,2,2,2,1,1
MK0129,1,129,2,2,2,1,1,1,2,1,1,2,2,1,1,2,1,2,1,1,1,1,2,2,1,1,1,2,2,2,1,2,2,2,1,2,2,1,2,1,2,2,2,2,1,2,2,1,1,2,1,2,1,1,1,1,1,2,1,2,2,1,2,1,2,2,1,2,2,1,2,1,2,2,2,1,1,2,2,2,2,1,1,2,2,1,2,2,2,1,2,2,2,2,2,2,1,2,2,1,1,2,1,1,1,1,2,1,1,2,2,2,2,2,1,1,2,1,1,1,2,1,2,1,2,1,2,2,1,1,1,2,2,2,1,1,2,2,2,2,2,1,1,2,2,1,1,2,1,2,2,2,2,1,1,1,2,2,1,1,1,1,2,2,2,1,1,1,1,1,1,2,1,2,1,1,2,1,1,1,1,2,2,1,1,2,1,1,2,1,2,2,1,2,1,1,2,2,2,2,1,1
MK0130,1,130,2,2,2,1,1,1,2,1,1,2,2,1,1,2,1,2,1,1,1,1,2,2,1,1,1,2,2,2,1,2,2,2,1,2,2,1,2,1,2,2,2,2,1,2,2,1,1,2,1,2,1,1,1,1,1,2,1,2,2,1,2,1,2,2,1,2,2,1,2,1,2,2,2,1,1,2,2,2,2,2,1,2,2,1,2,2,2,1,2,2,2,2,2,2,1,2,2,1,1,2,1,1,1,1,2,1,1,2,2,2,2,2,1,1,2,1,1,1,2,1,2,1,2,1,2,2,1,1,1,2,2,2,1,1,2,2,2,2,2,1,1,2,2,1,1,2,1,2,2,2,2,1,1,1,2,2,1,1,1,1,2,2,2,1,1,1,1,1,1,2,1,2,1,1,2,1,1,1,1,2,2,1,1,2,1,1,2,1,2,2,1,2,1,1,2,2,2,2,1,1
MK0132,1,132,2,2,2,1,1,1,2,1,1,2,2,1,1,2,1,2,1,1,1,1,2,2,1,1,1,2,2,2,1,2,2,2,1,2,2,1,2,1,2,2,2,2,1,2,2,1,1,2,1,2,1,1,1,1,1,2,1,2,2,1,2,1,2,2,1,2,2,1,2,1,2,2,2,1,1,2,2,2,2,2,1,2,2,1,2,2,2,1,2,2,2,2,2,2,1,2,2,1,1,2,1,1,1,1,2,1,1,2,2,2,2,2,1,1,2,1,1,2,2,1,2,1,2,1,2,2,1,1,1,2,2,2,1,1,2,2,2,2,2,1,1,2,2,1,1,2,1,2,2,2,2,1,1,1,2,2,1,1,1,1,2,2,2,1,1,1,1,1,1,2,1,2,1,1,2,1,1,1,1,2,2,1,2,2,1,1,2,1,2,2,1,2,1,1,2,2,2,2,1,1
MK0133,1,133,2,2,2,1,1,1,2,1,1,2,2,1,1,2,1,2,1,1,1,1,2,2,1,1,1,2,2,2,1,2,2,2,1,2,2,1,2,1,2,2,2,2,1,2,2,1,1,2,2,2,1,1,1,1,1,2,1,2,2,1,2,1,2,2,1,2,2,1,2,1,2,2,2,1,1,2,2,2,2,2,1,2,2,1,2,2,2,1,2,2,2,2,2,2,1,2,2,1,1,2,1,1,1,1,2,1,1,2,2,2,2,2,1,1,2,1,1,2,2,1,2,1,2,1,2,2,1,1,1,2,2,2,1,1,2,2,2,2,2,1,1,2,2,1,1,2,1,2,2,2,2,1,1,1,2,2,1,1,1,1,2,2,2,1,1,1,1,1,1,2,1,2,1,1,2,1,1,1,1,2,2,1,2,2,1,1,2,1,2,2,1,2,1,1,2,2,2,2,1,1
MK0134,1,134,2,2,2,1,1,1,2,1,1,2,2,1,1,2,1,2,1,1,1,1,2,2,1,1,1,2,2,2,1,2,2,2,1,2,2,1,2,1,2,2,2,2,1,2,2,1,1,2,2,2,1,1,1,1,1,2,1,2,2,1,2,1,2,2,1,2,2,1,2,1,2,2,2,1,1,2,2,2,2,2,1,2,2,1,2,2,2,1,2,2,2,2,2,2,1,2,2,1,1,2,1,1,1,1,2,1,1,2,2,2,2,2,1,1,2,1,1,2,2,1,2,1,2,1,2,2,1,1,1,2,2,2,1,1,2,2,2,2,2,1,1,2,2,1,1,2,1,2,2,2,2,1,1,1,2,2,1,1,1,1,2,2,2,1,1,1,2,1,1,2,1,2,1,1,2,1,1,1,1,2,2,1,2,2,1,1,2,1,2,2,1,2,1,1,2,2,2,2,1,1
MK0136,1,136,2,2,2,1,1,1,2,1,1,2,2,1,1,2,1,2,1,1,1,1,2,2,1,1,1,2,2,2,1,2,2,2,1,2,2,1,2,1,2,2,2,2,1,2,2,1,1,2,2,2,1,1,1,1,1,2,1,2,2,1,1,1,2,2,1,2,2,1,2,1,2,2,2,1,1,2,2,2,2,2,1,2,2,1,2,2,2,1,2,2,2,2,2,2,1,2,2,1,1,2,1,1,1,1,2,1,1,2,2,2,2,2,1,1,2,1,1,2,2,1,2,1,2,1,2,2,1,1,1,2,2,2,1,1,2,2,2,2,2,1,1,2,2,1,1,2,1,2,2,2,2,1,1,1,2,2,1,1,1,1,2,2,2,1,1,1,2,1,1,2,1,2,1,1,2,1,1,1,1,2,2,1,2,2,1,1,2,1,2,2,1,2,1,1,2,2,2,2,1,1
MK0139,1,139,2,2,2,1,1,1,2,1,1,2,1,1,1,2,1,2,1,1,1,1,2,2,1,1,2,2,2,2,1,2,2,2,1,2,2,1,2,1,1,2,2,2,1,2,2,1,1,2,2,2,1,1,1,1,1,1,1,2,2,1,1,1,2,2,1,2,2,1,2,1,2,2,1,1,1,2,2,2,2,2,1,2,2,1,2,2,2,1,2,2,2,2,2,2,1,2,2,1,1,2,1,1,1,1,2,1,1,2,2,2,2,2,1,1,2,1,1,1,2,1,2,1,2,1,2,2,2,1,1,2,2,2,1,1,2,2,2,2,2,1,1,2,2,1,1,2,1,2,2,2,2,1,1,1,2,2,1,1,1,1,2,2,2,1,1,1,2,1,1,2,1,2,1,1,2,2,1,1,1,2,2,1,2,2,1,1,2,1,2,2,1,2,1,1,2,1,2,2,1,1
MK0140,1,140,2,2,2,1,1,1,2,1,1,2,2,1,1,1,1,2,1,1,1,1,2,2,1,1,2,2,2,2,1,2,2,2,1,2,2,1,2,1,1,2,2,2,1,1,2,2,1,2,2,2,1,2,1,1,1,1,1,2,2,1,1,1,2,2,1,2,2,1,1,1,2,2,1,1,1,2,2,2,2,2,1,2,2,1,2,2,2,1,2,2,2,2,2,2,1,2,2,1,1,2,1,1,1,1,2,1,1,2,2,2,2,2,1,1,2,1,1,1,2,1,1,1,2,1,2,2,2,1,1,2,2,2,1,1,2,2,2,2,2,1,1,2,2,1,1,2,1,2,2,2,2,1,1,1,2,2,2,1,1,1,2,2,2,1,1,1,2,1,2,2,1,2,1,1,2,2,1,1,1,2,2,1,2,2,1,1,2,1,2,1,1,2,1,1,2,1,2,2,1,1
MK0144,1,144,2,2,2,1,1,1,2,1,1,2,2,1,1,1,2,2,1,1,1,1,2,2,2,1,2,2,2,2,1,2,2,2,1,2,2,1,2,1,1,2,2,2,1,1,2,2,1,2,2,2,1,2,1,1,1,1,1,2,2,1,1,1,2,2,1,2,2,1,1,1,2,2,1,1,1,2,2,2,2,2,1,2,2,1,2,2,2,1,2,2,2,2,2,2,1,2,2,1,1,2,1,1,1,1,2,1,1,2,2,2,2,2,1,1,2,1,1,1,2,1,1,1,2,1,2,2,2,1,1,2,2,2,1,1,2,2,2,2,2,1,1,2,2,1,1,2,1,2,2,2,2,1,1,1,2,2,2,1,1,1,2,2,2,1,1,1,2,1,2,2,2,2,1,1,2,2,1,1,1,2,2,1,2,2,1,1,2,1,2,1,1,2,1,1,2,1,2,2,1,1
MK0145,1,145,2,2,2,1,1,2,2,1,1,2,2,1,1,1,2,2,1,1,1,1,2,2,2,1,1,2,2,2,1,2,2,2,1,2,2,1,2,1,1,2,2,2,1,1,2,2,1,2,2,2,1,2,1,1,1,1,1,2,2,1,1,1,2,2,1,2,2,1,1,1,2,2,1,1,1,2,2,2,2,2,1,2,2,1,2,2,2,1,2,2,2,2,2,2,1,2,2,1,1,2,1,1,1,1,2,1,1,2,2,2,2,1,1,1,2,1,1,1,2,1,1,1,2,1,2,2,2,1,1,2,2,2,2,1,2,2,2,2,2,1,1,2,2,1,1,1,1,2,2,2,2,1,1,1,2,2,2,1,1,1,2,2,2,1,1,1,2,1,2,2,2,2,1,1,2,2,1,1,1,2,2,1,2,2,1,1,2,1,2,1,1,2,1,1,2,1,2,2,1,1
MK0146,1,146,2,2,2,1,1,2,2,1,1,2,2,1,1,2,2,2,1,1,1,1,2,2,2,1,1,2,2,2,1,2,2,2,1,2,2,1,2,1,1,2,2,2,1,1,2,2,1,2,2,2,1,2,1,1,1,1,2,2,2,1,1,2,2,2,1,2,2,1,1,1,2,2,1,1,2,2,2,2,2,2,1,2,2,1,2,2,2,1,2,2,2,2,2,2,1,2,2,1,1,2,1,1,1,1,2,1,1,2,2,2,2,1,1,1,2,1,1,1,2,1,1,1,2,1,2,2,2,1,1,2,2,2,2,1,2,2,2,2,2,1,1,2,2,1,1,1,1,2,2,2,2,1,1,1,2,2,2,1,1,1,2,2,2,1,1,1,2,1,2,2,2,2,1,1,2,2,1,1,1,1,2,1,2,2,1,1,2,1,2,1,1,2,1,1,2,1,2,2,1,1
MK0147,1,147,2,2,2,1,1,2,2,1,1,2,2,1,1,2,1,2,1,1,1,1,2,2,2,1,1,2,2,2,1,2,2,2,1,2,2,1,2,1,1,2,2,2,1,1,2,2,1,2,2,2,1,2,1,1,1,1,2,2,2,1,1,2,2,2,1,2,2,1,1,1,2,2,1,1,2,2,2,2,2,2,1,2,2,1,2,2,2,1,2,2,2,2,2,2,1,2,2,1,1,2,1,1,1,1,2,1,1,2,2,2,2,1,1,1,2,1,1,1,2,1,1,1,2,1,2,2,2,1,1,2,2,2,2,1,2,2,2,1,2,1,1,2,2,1,1,1,1,2,2,2,2,1,1,1,2,2,2,1,1,1,2,2,2,1,1,1,2,1,2,2,2,2,1,1,2,2,1,1,1,1,2,1,2,2,1,1,2,1,2,1,1,2,1,1,2,1,2,2,1,1
MK0148,1,148,2,2,2,1,1,2,2,1,1,2,2,1,1,2,1,2,1,1,1,1,2,2,2,2,1,2,2,2,1,2,2,2,1,2,2,2,2,1,1,2,2,2,1,1,1,2,1,2,2,2,1,2,1,1,1,1,2,2,2,1,1,2,2,2,1,2,2,1,1,1,2,2,1,1,2,1,2,2,2,2,1,2,2,1,2,2,2,1,2,2,2,2,2,2,1,2,2,1,1,2,1,1,1,2,2,1,1,2,2,2,2,2,1,1,2,1,1,1,2,1,1,1,2,1,2,2,2,1,1,2,2,2,2,1,2,2,2,1,2,1,1,2,2,1,1,1,1,2,2,2,2,1,1,1,2,2,2,1,1,1,2,2,2,1,1,1,2,2,2,2,2,2,1,1,2,2,1,1,1,1,2,1,2,2,1,2,2,1,2,1,1,2,1,1,2,1,2,2,1,1
MK0149,1,149,2,2,2,1,1,2,2,1,1,2,2,1,1,2,1,2,1,1,1,1,2,2,2,2,1,2,2,2,1,2,2,2,1,2,2,2,2,1,1,2,2,2,1,1,1,2,1,2,2,2,1,2,1,1,1,1,2,2,2,1,1,2,2,2,1,2,2,1,1,1,2,2,1,1,2,1,2,2,2,2,1,2,2,1,2,2,2,1,2,2,2,2,2,2,1,2,2,1,2,2,1,2,1,2,2,1,1,2,2,2,2,2,1,1,2,1,2,1,2,1,1,1,2,1,2,2,2,1,1,2,2,2,2,1,2,2,2,1,2,1,1,2,2,1,1,1,1,2,2,2,1,1,1,1,2,2,2,1,1,1,2,2,2,1,1,1,2,2,2,2,2,2,1,1,2,2,1,1,1,1,2,1,2,2,1,2,2,1,2,1,1,2,1,1,2,1,2,2,1,1
MK0150,1,150,2,2,2,1,1,2,2,1,1,2,2,1,1,2,1,2,1,1,1,1,2,2,2,2,1,2,2,2,1,2,2,2,1,2,2,2,2,1,1,2,2,2,1,1,1,2,1,2,2,2,1,2,1,1,1,1,2,2,2,1,1,2,2,2,1,2,2,1,1,1,2,2,1,1,2,2,2,2,2,2,1,2,2,1,2,2,2,1,2,2,2,2,2,2,1,2,2,1,2,2,1,2,1,2,2,1,1,2,2,2,2,2,1,1,2,1,2,1,2,1,1,1,2,1,2,2,2,1,1,2,2,2,2,1,2,2,2,1,2,1,1,2,2,1,1,1,1,2,2,2,1,1,1,1,2,2,2,1,1,1,2,2,2,1,1,1,2,2,2,2,2,2,1,1,2,2,1,1,1,2,2,1,2,2,1,2,2,1,2,1,1,2,1,1,2,1,2,2,1,1
MK0152,1,152,2,2,2,1,1,2,2,1,1,2,2,1,1,2,1,2,1,1,1,1,2,2,2,2,1,2,2,2,1,2,2,2,1,2,2,2,2,1,1,2,2,2,1,1,1,2,1,2,2,2,1,2,1,1,1,1,2,2,2,1,1,2,2,2,1,2,2,2,1,1,2,2,1,1,2,2,2,2,2,2,1,2,2,1,2,2,2,1,2,2,2,2,2,2,1,2,2,1,2,2,1,2,1,2,2,1,1,2,2,2,2,2,1,1,2,1,2,1,2,1,1,1,2,1,2,2,2,1,1,2,2,2,2,1,2,2,2,1,2,1,1,2,2,1,1,1,1,2,2,2,1,1,1,1,2,2,2,1,1,1,2,2,2,1,1,1,2,2,2,2,2,2,1,1,2,2,1,1,1,2,2,1,2,2,1,2,2,1,2,1,1,2,1,1,1,1,2,2,1,1
MK0153,1,153,2,2,2,1,1,2,2,1,1,2,2,1,1,2,1,2,1,1,1,1,2,2,2,2,1,2,2,2,1,2,2,2,1,2,2,2,2,1,1,2,2,2,1,1,1,2,1,2,2,2,1,2,1,1,1,1,2,2,2,1,1,2,2,2,1,2,2,2,1,1,2,2,1,1,2,2,2,2,2,2,1,2,2,1,2,2,2,1,2,2,2,2,2,2,1,2,2,1,2,2,1,2,1,2,2,1,1,2,2,2,2,2,1,1,2,1,2,1,2,1,1,1,2,1,2,2,2,1,1,2,2,2,2,1,2,1,2,1,2,1,1,2,2,1,1,1,1,2,2,2,1,1,1,1,2,2,2,1,1,2,2,2,2,1,1,1,2,2,2,2,2,2,1,1,2,2,1,1,1,2,2,1,2,2,1,2,2,1,2,1,1,2,1,1,1,1,2,2,1,1
MK0154,1,154,2,2,2,1,1,2,2,1,1,2,2,1,1,2,1,2,1,1,1,1,2,2,2,2,2,2,2,2,1,2,2,2,1,2,2,2,2,1,1,2,2,2,1,1,1,2,1,2,2,2,2,2,1,1,1,1,2,2,2,1,1,2,2,2,1,2,1,2,1,1,2,2,1,1,2,2,2,2,2,2,1,2,2,1,2,2,2,1,2,2,2,2,2,2,1,2,2,1,1,2,1,2,1,2,2,1,1,2,2,2,2,2,1,1,2,1,2,1,2,1,1,1,2,1,2,2,1,2,1,2,2,2,2,1,2,1,2,1,2,1,1,2,2,1,1,1,1,2,2,2,1,1,1,1,2,2,2,1,1,2,2,2,2,1,1,1,2,2,2,2,2,2,1,1,2,2,1,1,1,2,2,1,2,2,1,2,2,1,2,1,1,2,1,1,1,1,2,2,1,1
MK0155,1,155,2,2,2,1,1,2,2,1,1,2,2,1,1,2,1,2,1,1,1,1,2,2,2,2,2,2,2,2,1,1,2,2,1,2,2,2,2,1,1,2,2,2,1,1,2,2,1,2,2,2,2,2,1,1,1,1,2,2,2,1,1,2,2,2,1,2,1,2,1,1,2,2,1,1,2,2,2,2,2,2,2,2,2,1,2,2,2,1,2,2,2,2,2,2,2,2,2,1,1,2,1,2,1,2,2,1,1,2,2,2,2,2,1,1,2,1,2,1,2,1,1,1,2,1,2,2,1,2,2,2,2,2,2,1,2,1,2,1,2,1,1,2,2,1,1,1,1,2,2,2,1,1,1,1,2,2,2,1,1,2,2,2,2,1,1,1,2,2,2,2,2,2,1,1,2,2,1,1,1,2,2,1,2,2,2,2,2,1,2,1,1,2,1,1,1,1,2,2,1,1
MK0158,1,158,2,2,2,1,1,2,2,1,1,2,2,1,1,2,1,2,1,1,1,1,2,2,2,2,2,2,2,2,1,1,2,2,1,2,2,2,2,1,1,2,2,2,1,1,2,2,1,2,2,2,2,2,1,1,1,1,2,2,2,1,1,2,2,2,1,2,1,1,1,1,2,2,1,1,2,2,2,2,2,1,2,2,2,1,2,2,2,1,2,2,2,2,2,2,2,2,2,1,1,2,1,2,1,2,2,1,1,2,2,2,2,2,1,1,2,1,2,1,2,1,1,1,2,1,2,2,1,2,2,2,2,2,2,1,2,1,2,1,2,1,1,2,2,1,2,1,1,2,2,2,2,1,1,1,2,2,2,1,1,2,2,2,2,1,1,1,2,2,2,2,2,2,1,1,2,2,1,1,1,2,2,1,2,2,2,2,2,1,2,1,1,2,1,1,1,1,2,2,1,1
MK0159,1,159,2,2,2,1,1,2,2,1,1,2,2,1,1,2,1,2,1,1,1,1,2,2,2,2,2,2,2,2,1,1,2,2,1,2,2,2,2,1,1,2,2,2,1,1,2,2,1,2,2,2,2,2,1,1,1,1,2,2,2,1,1,2,2,2,1,2,1,1,1,1,2,2,1,1,2,2,2,2,2,1,2,2,2,1,2,2,2,1,2,2,2,2,2,2,2,2,2,1,1,2,1,2,1,2,2,1,1,2,2,2,2,2,1,1,2,1,2,1,2,1,1,1,2,1,2,2,1,2,2,2,2,2,2,1,2,1,2,1,2,1,1,2,2,1,2,1,1,2,2,2,2,1,1,1,2,2,2,1,1,2,2,2,2,1,1,1,2,2,2,2,2,2,1,1,2,2,1,1,1,2,2,1,2,2,2,2,2,1,2,1,1,2,1,1,1,1,2,2,1,1
MK0160,1,160,2,2,2,1,1,2,2,2,1,2,2,1,1,2,1,2,1,2,1,1,2,2,2,2,2,2,2,2,1,1,2,1,1,2,2,2,1,1,1,2,2,2,1,1,2,2,1,2,2,2,2,2,2,1,1,1,2,2,2,1,1,2,2,2,1,2,1,1,1,1,2,2,1,1,2,2,2,2,2,1,2,2,2,1,2,2,2,1,2,2,2,2,2,2,2,2,2,1,2,2,1,2,1,2,2,1,1,2,2,1,2,2,1,1,2,1,2,1,2,1,1,1,2,1,2,2,1,2,2,2,2,2,2,1,2,1,2,1,2,1,1,2,2,1,2,1,1,2,2,2,2,1,1,1,2,2,2,1,1,2,2,2,2,1,1,1,2,2,2,2,2,2,1,1,2,2,1,1,1,2,2,1,2,2,2,2,2,1,2,1,1,2,1,1,1,1,2,2,1,1
MK0161,1,161,2,2,2,1,1,2,2,2,1,2,2,1,1,2,1,2,1,2,1,1,1,2,2,2,2,2,2,2,1,1,2,1,1,2,2,2,2,1,1,2,2,2,1,1,2,2,1,2,2,2,2,2,2,1,1,1,2,2,2,1,1,2,2,2,1,2,1,1,1,1,1,2,1,1,2,2,2,2,2,1,2,2,2,1,2,2,2,1,2,2,2,2,2,2,2,2,2,1,2,2,1,2,1,2,2,1,1,1,2,1,2,2,1,1,2,1,2,1,2,1,1,1,2,1,2,2,1,2,2,2,2,2,2,1,2,1,2,1,2,1,1,2,2,1,2,1,1,2,2,2,2,1,1,1,2,2,2,1,1,2,2,2,2,1,1,1,2,2,2,2,1,2,1,1,2,2,1,1,1,2,2,1,2,2,2,2,2,1,2,1,1,2,1,1,1,1,2,2,1,1
MK0163,1,163,2,2,2,1,1,2,2,2,1,2,2,1,1,2,1,2,1,2,1,1,1,2,2,2,2,2,2,2,1,1,1,1,1,2,2,1,2,1,1,2,2,2,1,1,2,2,1,2,2,2,2,2,2,1,1,1,2,2,2,1,1,2,2,2,1,2,1,1,1,1,1,2,1,1,2,2,2,2,2,1,2,2,2,1,2,2,2,1,2,2,2,2,2,2,2,2,2,1,2,2,1,2,1,2,2,1,1,1,2,1,2,2,1,1,2,1,2,1,2,1,1,2,2,1,2,2,1,2,2,2,2,2,2,1,2,1,2,1,2,1,1,2,2,1,2,1,1,2,2,2,2,1,1,1,2,2,2,1,1,2,2,2,2,1,1,1,2,2,2,2,1,2,1,1,2,2,1,1,1,2,2,1,2,2,2,2,2,1,2,1,1,2,1,1,1,1,2,2,1,1
MK0164,1,164,2,2,2,1,1,2,2,2,1,2,2,2,1,2,1,2,1,2,1,1,1,2,1,2,2,2,2,2,2,1,1,1,1,2,2,1,2,1,1,2,2,2,2,1,2,2,1,2,2,2,2,2,2,1,1,1,2,2,2,1,1,2,2,2,1,2,1,1,1,1,1,2,1,1,2,2,2,2,2,1,2,2,2,1,2,2,2,1,2,2,2,2,2,2,2,2,2,1,2,2,1,2,1,2,2,1,1,1,1,1,2,2,1,1,2,1,2,1,2,2,1,2,2,1,1,2,1,2,1,2,2,2,2,1,2,1,2,1,2,1,1,2,2,1,2,1,1,2,2,2,2,1,1,1,2,2,2,2,1,2,2,2,2,1,1,1,2,2,2,2,1,2,1,1,2,2,1,1,1,2,2,1,2,2,2,2,2,1,2,1,1,2,1,1,1,1,2,2,1,1
MK0166,1,166,2,2,2,1,1,2,2,2,1,2,2,2,1,2,1,2,1,2,1,1,1,2,2,2,2,2,2,2,2,1,1,1,1,2,2,1,2,1,1,2,2,2,2,1,2,2,1,2,2,2,2,2,2,1,1,1,2,2,2,1,1,2,2,2,1,2,1,1,1,1,1,2,1,1,2,2,2,2,2,1,2,2,2,1,2,2,2,1,2,2,2,2,2,2,2,2,2,1,2,2,1,2,1,2,1,1,1,1,1,1,2,2,1,1,2,1,2,1,2,2,1,2,2,1,1,2,1,2,1,2,2,2,2,1,2,1,2,1,2,1,1,2,2,1,2,1,1,2,2,2,2,1,1,1,2,2,2,2,1,2,2,2,2,1,1,1,2,2,1,2,1,2,1,1,2,2,1,1,1,2,2,1,2,2,2,2,2,1,2,1,1,2,1,1,1,1,2,2,1,1
MK0167,1,167,2,2,2,1,1,2,2,2,1,2,2,2,1,2,1,2,1,2,1,1,1,2,2,2,2,2,2,2,2,1,1,1,1,2,2,2,2,1,2,2,2,2,2,1,2,2,1,2,2,2,2,2,2,1,1,1,2,2,2,1,1,2,2,2,1,2,1,1,1,1,1,2,1,1,2,2,2,2,2,1,2,2,2,1,2,2,2,1,2,2,2,2,2,2,2,2,2,1,2,2,1,2,1,2,1,1,1,1,1,1,2,2,1,1,2,1,2,1,2,2,1,2,2,1,1,2,1,1,1,2,2,2,2,1,2,1,2,1,2,1,1,2,2,1,2,1,2,2,2,2,2,1,1,1,2,1,2,2,1,2,2,2,2,1,1,1,2,2,1,2,1,2,1,1,2,2,1,1,1,2,2,1,2,2,2,2,2,1,2,1,1,2,1,1,1,1,2,2,1,1
MK0168,1,168,2,2,2,1,1,2,2,2,1,2,2,2,1,2,1,2,1,2,1,1,1,2,2,2,2,2,2,2,2,1,2,1,1,2,2,2,1,1,2,2,2,2,2,1,2,2,1,2,2,2,2,2,2,1,1,1,1,2,2,1,1,2,2,2,1,2,1,1,1,1,1,2,1,1,2,2,2,2,2,1,2,2,2,1,1,2,2,1,2,2,2,2,2,2,2,2,2,1,2,2,1,2,1,2,1,1,1,1,1,1,2,2,2,1,2,1,2,1,2,2,1,2,2,1,1,2,1,1,1,2,2,2,2,1,2,1,2,1,2,1,1,2,2,1,2,1,2,2,2,2,2,1,1,1,2,2,2,2,1,2,2,2,2,1,1,1,2,2,1,2,1,2,1,1,2,2,1,1,1,2,2,1,2,2,2,2,2,1,2,1,1,2,1,1,1,1,2,2,1,1
MK0170,1,170,2,2,2,1,1,2,2,2,1,2,2,2,1,2,1,2,1,2,1,1,1,2,2,2,2,2,2,2,2,1,2,1,1,2,2,2,1,1,2,2,2,2,2,1,2,2,1,2,2,2,2,2,2,1,1,1,1,2,2,1,1,2,2,2,1,2,1,1,1,1,1,2,1,1,2,2,2,2,2,1,2,2,2,1,1,2,2,1,2,2,2,2,2,2,2,2,2,1,2,2,1,2,1,2,1,1,1,1,1,1,2,2,2,1,2,1,2,1,2,2,1,2,2,1,1,2,1,1,1,2,2,2,2,1,2,1,2,1,2,1,1,2,2,1,2,1,2,2,2,2,2,1,1,1,2,2,2,2,1,2,2,2,2,1,1,1,2,2,1,2,1,2,1,1,2,2,1,1,1,2,2,1,2,2,2,2,2,1,2,1,1,2,2,1,1,1,2,2,1,1
MK0172,1,172,2,2,2,1,1,2,2,2,1,2,2,2,1,2,1,2,1,2,1,1,1,2,2,2,2,2,2,2,2,1,2,1,1,2,2,2,1,1,2,2,2,2,2,1,2,2,1,2,2,2,2,2,2,1,1,1,1,2,2,1,1,2,2,2,1,2,1,1,1,1,1,2,1,1,2,2,2,2,2,1,2,2,2,1,1,2,2,1,2,2,2,2,2,2,2,2,2,1,2,2,1,2,1,2,1,1,1,1,1,1,2,2,2,1,2,1,2,1,2,2,1,2,2,1,1,2,1,1,1,2,2,2,2,1,2,1,2,1,2,1,1,2,2,1,2,1,2,2,2,2,2,1,1,1,2,2,2,2,1,2,2,2,2,1,1,1,2,2,1,2,1,2,1,1,2,2,1,1,1,2,2,1,2,2,2,2,2,1,2,1,1,2,2,1,1,1,2,2,1,1
MK0173,1,173,2,2,2,1,1,2,2,2,1,2,2,2,1,2,1,1,1,2,1,1,1,2,2,2,2,2,2,2,2,1,2,1,1,2,2,2,1,1,1,2,2,2,2,1,2,2,1,2,2,2,2,2,2,1,1,1,1,2,2,1,1,2,2,2,1,1,1,1,1,1,1,2,1,1,2,2,2,2,2,1,2,2,2,1,1,2,2,1,2,2,2,2,2,2,2,2,2,1,2,2,1,2,1,2,1,1,1,1,1,1,2,2,2,1,2,1,2,1,2,2,1,2,2,1,1,2,1,1,1,2,2,2,2,1,2,1,2,1,2,1,1,2,2,1,2,1,2,2,2,2,2,1,1,1,2,2,2,2,1,2,2,2,2,1,1,1,2,2,1,2,1,2,1,1,2,2,1,1,1,2,2,1,2,2,2,2,2,1,2,1,1,2,2,1,1,1,2,2,1,1
MK0174,1,174,2,2,2,1,1,2,2,2,2,2,2,2,1,2,1,1,1,2,1,1,1,2,2,2,2,2,2,2,2,1,2,1,1,2,2,2,1,1,1,2,2,2,2,1,2,2,1,2,2,2,2,2,2,1,1,1,1,2,2,1,1,2,2,2,1,1,1,1,1,1,1,2,1,1,2,2,2,2,2,1,2,2,2,1,1,2,2,1,2,2,2,2,2,2,2,2,2,1,2,2,1,2,1,2,1,1,1,1,1,1,2,2,2,1,2,1,2,1,2,2,1,2,2,1,1,2,1,1,1,2,2,2,2,1,2,1,2,1,2,1,1,2,2,1,2,1,2,2,2,2,2,1,1,1,2,2,2,2,1,2,2,2,2,1,1,1,2,2,1,2,1,2,1,1,2,2,1,1,1,2,2,1,2,2,2,2,2,1,2,1,1,2,2,1,1,1,2,2,1,1
MK0175,1,175,2,2,2,1,1,2,2,2,2,2,2,2,1,2,1,1,1,2,1,1,1,2,2,2,2,2,2,2,2,1,2,1,1,2,2,2,1,1,1,2,2,2,2,1,2,2,1,2,2,2,2,2,2,1,1,1,1,2,2,1,1,2,2,2,1,1,1,1,2,1,1,2,1,1,2,2,2,2,2,1,2,2,2,1,1,2,2,1,2,2,2,2,2,2,2,2,2,1,2,2,1,2,1,2,1,1,1,1,1,1,2,2,2,1,2,1,2,1,2,2,1,2,2,1,1,2,1,1,1,2,2,2,2,1,2,1,2,1,2,1,1,2,2,1,2,1,2,2,2,2,2,1,1,1,2,2,2,2,1,2,2,2,2,1,1,1,2,2,1,2,1,2,1,1,2,2,1,1,1,2,2,1,2,2,2,2,2,1,2,1,1,2,2,1,1,1,2,2,1,1
MK0177,1,177,2,2,2,1,1,2,2,2,2,2,2,2,1,2,1,2,1,1,1,1,1,2,2,2,2,2,2,2,2,1,2,1,1,2,2,2,1,1,1,2,2,2,2,1,2,2,1,2,2,1,2,2,2,1,1,1,1,2,2,1,1,2,2,2,1,1,1,1,2,1,1,2,1,1,2,2,2,2,2,1,2,2,2,1,1,2,2,1,2,2,2,2,2,2,2,2,2,1,2,2,1,2,1,2,1,1,1,1,1,1,2,2,2,1,2,1,2,1,2,2,1,2,2,1,1,2,2,1,1,2,2,2,2,1,2,1,2,1,2,1,1,2,2,1,2,1,2,2,2,2,2,1,1,1,2,2,2,2,1,2,2,2,2,1,1,2,1,2,1,2,1,2,1,1,2,2,1,1,1,2,2,1,2,2,2,2,2,1,2,1,1,2,2,1,1,1,2,2,1,1
MK0178,1,178,2,2,2,1,2,2,2,2,2,2,2,2,1,2,1,2,1,1,2,1,1,2,2,2,2,2,2,2,2,1,2,1,1,2,2,2,1,1,1,2,2,2,2,1,2,2,1,2,2,1,2,2,2,1,1,1,1,2,2,1,1,2,1,2,1,1,1,1,2,1,1,2,1,1,2,2,2,2,2,1,2,2,2,1,1,2,2,1,2,2,2,2,2,2,2,2,2,1,2,2,1,2,1,2,1,1,1,1,1,1,2,2,2,1,2,1,2,1,2,2,1,2,2,1,2,2,2,1,1,2,2,2,2,1,2,1,2,1,2,1,1,2,2,1,2,1,2,1,2,2,2,1,1,1,2,2,2,2,1,2,2,2,2,1,1,2,1,2,1,2,1,2,1,1,2,2,1,1,1,2,2,1,2,2,1,2,2,1,2,1,1,1,2,1,1,1,2,2,1,1
MK0180,1,180,2,2,2,1,2,2,2,2,2,2,2,2,1,2,1,2,1,1,2,1,1,2,2,2,2,2,2,2,2,1,2,1,1,2,2,2,1,1,1,2,2,2,2,1,2,2,1,2,2,1,2,2,2,1,1,1,1,2,2,1,1,2,1,2,1,1,1,1,2,1,1,2,1,1,2,2,2,2,2,1,2,2,2,1,1,2,2,1,2,2,2,2,2,2,2,2,2,1,2,2,2,2,1,2,1,1,1,1,1,1,2,2,2,1,1,1,2,1,2,2,1,2,2,1,2,2,2,1,1,2,2,2,2,1,2,1,2,1,2,1,1,2,2,1,2,1,2,1,2,2,2,1,1,1,2,2,2,2,1,2,2,2,2,1,1,2,1,2,1,2,1,2,1,1,2,2,1,1,1,2,2,1,2,1,1,2,2,1,2,1,1,1,2,1,1,1,2,2,1,1
MK0181,1,181,2,2,2,1,2,2,2,2,2,2,2,2,1,2,2,2,1,1,2,1,1,2,2,2,2,2,2,1,2,1,2,1,1,2,2,2,1,1,1,2,2,2,2,1,2,2,1,2,2,2,2,2,2,1,1,1,1,2,2,1,1,2,1,2,1,1,1,1,2,1,2,2,2,1,2,2,2,2,2,1,2,2,1,2,1,2,2,1,2,2,2,2,2,2,2,2,2,1,2,2,2,2,1,2,1,1,1,1,1,1,2,2,2,1,1,1,2,1,2,2,1,2,2,1,2,2,2,1,1,2,2,2,2,1,2,1,2,1,2,1,1,2,2,1,2,1,2,1,2,2,2,1,1,1,2,2,2,2,1,2,2,2,2,1,1,2,1,2,1,2,1,2,1,1,2,2,1,1,1,2,2,1,2,1,2,2,2,1,2,1,1,1,2,1,2,1,2,2,1,1
MK0182,1,182,2,2,2,1,2,2,2,2,2,2,1,2,1,2,2,1,1,1,1,1,1,2,2,2,2,2,2,1,2,1,2,1,1,2,2,2,1,1,1,2,2,2,2,1,2,2,1,2,2,2,2,2,2,1,1,1,1,2,2,1,1,2,1,2,1,1,1,1,2,1,2,2,2,1,2,2,2,2,2,1,2,2,1,2,1,2,2,1,2,2,2,2,2,2,2,2,2,1,2,2,2,2,1,2,1,1,1,1,1,1,2,2,2,1,1,1,2,1,2,2,1,2,2,1,2,2,2,1,1,2,2,2,2,1,2,1,2,1,2,1,1,2,2,1,2,1,2,1,2,2,2,1,1,1,2,2,2,2,1,2,2,2,2,1,1,2,1,2,1,2,1,2,1,1,2,2,1,1,1,2,2,1,2,2,2,2,2,1,2,1,1,1,2,1,2,1,2,2,1,1
MK0183,1,183,2,2,2,1,2,2,2,2,2,2,1,2,1,2,2,1,1,1,1,1,1,2,2,2,2,2,2,1,1,1,2,1,1,2,2,2,1,1,2,2,2,2,2,1,2,2,1,2,2,2,2,2,2,1,1,1,1,2,2,1,1,2,1,2,1,1,1,1,1,1,2,2,2,1,2,2,2,2,2,1,2,2,1,2,2,2,2,1,2,2,2,2,2,2,2,2,2,1,2,2,2,2,1,2,1,1,1,1,1,1,2,2,2,1,1,1,2,1,2,2,1,2,2,1,2,2,2,1,1,2,2,2,2,1,2,1,2,1,2,1,1,2,2,1,2,1,2,1,2,2,2,1,2,1,2,2,2,2,2,2,2,2,2,1,1,2,1,2,1,2,1,2,1,1,2,2,1,1,1,2,2,1,2,2,2,2,2,1,2,1,1,1,2,1,2,1,2,2,1,1
MK0185,1,185,2,2,2,1,2,2,2,2,2,2,1,2,1,2,2,1,1,2,1,1,1,2,2,2,2,2,2,1,1,1,2,1,1,2,2,2,1,1,2,1,2,2,2,1,2,2,1,2,2,2,2,2,2,1,2,2,1,2,2,1,1,2,1,2,1,1,1,1,1,1,2,2,2,1,2,2,2,2,2,1,2,2,1,2,2,2,2,1,2,2,2,2,2,2,2,2,2,1,2,2,2,2,1,2,1,1,1,1,1,1,2,2,2,1,1,1,2,1,2,2,1,2,2,1,2,2,2,1,1,2,2,2,2,1,2,1,2,1,2,1,1,1,2,1,2,1,2,2,2,2,2,1,2,1,2,2,2,2,2,2,2,2,2,2,1,2,1,2,1,2,1,2,1,1,2,2,1,1,1,2,2,1,2,2,2,2,2,1,2,1,1,1,2,1,2,1,2,2,1,1
MK0187,1,187,2,2,2,1,2,2,1,2,2,1,1,2,1,2,2,1,1,2,1,1,1,2,2,2,2,2,2,1,1,1,2,1,1,2,2,2,1,1,2,2,2,2,2,1,2,2,1,2,2,2,2,2,2,1,1,2,1,2,2,1,1,2,1,2,1,1,1,1,1,1,2,2,2,1,2,2,2,2,2,1,2,2,1,2,1,2,2,1,2,2,2,2,2,2,2,2,2,1,2,1,2,2,1,2,1,1,1,1,1,1,2,2,2,1,1,1,2,1,2,2,1,2,2,1,2,2,2,1,1,2,2,2,2,1,2,1,2,1,2,1,1,1,2,1,2,1,2,2,2,2,2,1,2,1,2,2,2,2,2,2,2,2,2,2,1,2,1,2,1,2,1,2,1,1,2,2,1,1,1,2,2,1,2,2,2,2,2,1,2,1,1,1,2,1,2,1,2,2,1,1
MK0189,1,189,2,2,2,1,2,2,1,2,2,1,1,2,1,2,2,1,1,2,1,1,1,2,2,2,2,2,2,1,1,1,2,1,1,2,2,2,1,1,2,2,2,2,2,1,2,2,1,2,2,2,2,2,2,1,1,2,1,2,2,1,1,2,1,2,1,1,1,1,1,1,2,2,2,1,2,2,2,2,2,1,2,2,1,1,1,2,2,1,2,2,2,2,2,2,2,2,2,1,2,1,2,2,1,2,1,1,1,1,1,2,2,2,2,1,1,1,2,1,2,2,1,2,2,1,2,2,2,1,1,2,2,2,2,1,2,1,2,1,2,1,1,1,2,1,2,1,2,2,2,2,2,1,2,1,2,2,2,2,2,2,2,2,2,2,1,2,1,2,1,2,1,2,1,1,2,2,1,1,1,2,2,1,2,2,2,2,2,1,2,1,1,1,2,1,2,1,2,2,1,1
MK0190,1,190,2,2,2,1,2,2,1,2,2,1,1,2,1,2,2,1,1,2,1,1,1,2,2,2,2,2,2,1,1,1,2,1,1,2,2,2,1,1,2,2,2,2,2,1,2,2,1,2,2,2,2,2,2,1,1,2,1,2,2,1,1,2,1,2,1,1,1,1,1,1,2,2,2,1,2,2,2,2,2,1,2,2,1,1,1,2,2,1,2,2,2,2,2,2,2,2,2,2,2,1,2,2,1,2,1,1,1,1,1,2,2,2,2,1,1,1,2,1,2,2,1,2,2,1,2,2,2,1,1,2,2,2,2,1,2,1,2,1,2,1,1,1,2,1,2,1,2,2,2,2,2,1,2,1,2,2,2,2,2,2,2,2,2,2,1,2,1,2,1,2,1,2,1,1,2,2,1,1,1,2,2,1,2,2,2,2,2,1,2,1,1,1,2,1,2,1,2,2,1,1
MK0193,1,193,2,2,2,1,2,2,1,2,2,1,1,2,1,2,2,1,1,2,1,1,1,2,2,2,2,2,2,1,1,1,2,1,1,2,2,2,1,1,2,2,2,2,2,1,2,2,1,2,2,2,2,2,2,1,1,2,1,2,2,1,1,2,1,2,1,1,1,1,1,1,2,2,2,1,2,2,2,2,2,1,2,2,1,1,1,2,2,1,2,2,2,2,2,2,2,2,2,2,2,1,2,2,1,2,1,1,1,1,1,2,2,2,2,1,1,1,2,1,2,2,1,2,2,1,2,2,2,1,1,2,2,2,2,1,2,1,2,1,2,1,1,1,2,1,2,1,2,2,2,2,2,1,2,1,2,2,2,2,2,2,2,2,2,2,1,2,1,2,1,2,1,2,1,1,2,2,1,1,1,2,2,1,2,2,2,1,2,1,2,1,1,1,2,1,2,1,2,2,1,1
MK0194,1,194,2,2,2,1,2,2,1,2,2,1,1,2,1,2,2,1,1,2,1,1,1,2,2,2,2,2,2,1,1,1,2,1,1,2,2,2,1,1,2,2,2,2,2,2,2,2,1,2,2,2,2,2,2,1,1,2,1,2,2,1,1,2,1,2,1,1,1,1,1,1,2,2,2,1,2,2,2,2,2,1,2,2,1,1,1,2,2,1,2,2,2,2,2,2,2,2,2,2,2,1,2,2,1,2,1,1,1,1,2,2,2,2,2,1,1,1,2,1,2,2,1,2,2,1,2,2,2,1,1,2,2,2,2,1,2,1,2,1,2,1,1,1,2,1,2,1,2,2,2,2,2,1,2,1,2,2,2,2,2,2,2,2,2,2,1,2,1,2,1,2,1,2,1,1,2,2,1,1,1,2,2,1,2,2,2,1,2,1,2,1,1,2,2,1,2,1,2,2,1,1
MK0195,1,195,2,2,2,1,2,2,1,2,2,1,1,2,1,2,2,1,1,2,1,1,1,2,2,2,2,2,2,1,1,1,2,1,1,2,2,2,1,1,2,2,2,2,2,2,2,2,1,2,2,2,2,2,2,1,1,2,1,2,2,1,1,2,1,2,1,1,1,1,1,1,2,2,2,1,2,2,2,2,2,1,2,2,1,1,1,2,2,1,2,2,2,2,2,2,2,2,2,2,2,1,2,2,1,2,1,1,1,1,2,2,2,2,2,1,1,1,2,1,2,2,1,2,2,1,2,2,2,1,1,2,2,2,2,1,2,1,2,1,2,1,1,1,2,1,2,1,2,2,2,2,2,1,2,1,2,2,2,2,2,2,2,2,2,2,1,2,1,2,1,2,1,2,1,1,2,2,1,1,1,2,2,1,2,2,2,1,2,1,2,1,1,2,2,1,2,1,2,2,1,1
MK0196,1,196,2,2,2,1,2,2,1,2,2,1,1,2,1,2,2,1,1,2,1,1,1,2,2,2,2,2,2,1,1,1,2,1,1,2,2,2,1,1,2,2,2,2,2,2,2,2,1,2,2,2,2,2,1,1,1,2,1,2,2,1,1,2,1,2,1,1,1,1,1,1,2,2,2,1,2,2,2,2,2,2,2,2,1,1,1,2,2,1,2,2,2,2,2,2,2,2,2,2,2,1,2,2,1,2,1,1,1,1,2,2,2,2,2,1,1,1,2,1,2,2,1,2,2,1,2,2,2,1,1,2,2,2,2,1,2,1,2,1,2,1,1,1,2,1,2,1,2,2,2,2,2,1,2,1,2,2,2,2,2,2,2,2,2,2,1,2,1,2,1,2,1,2,1,1,2,2,1,1,1,2,2,1,2,2,2,1,2,1,2,1,1,1,2,1,2,1,2,2,1,1
MK0197,1,197,2,2,2,1,2,2,1,2,2,1,1,2,1,2,2,2,1,2,1,1,1,2,2,2,2,2,2,1,1,1,2,1,1,2,2,2,1,1,2,2,2,2,2,2,2,2,1,2,2,2,2,2,2,1,1,2,1,2,2,1,1,2,1,2,1,2,1,1,1,1,2,2,2,1,2,2,2,2,2,2,2,2,1,1,1,2,2,1,2,2,2,2,2,2,2,2,2,2,2,1,2,2,1,2,1,1,1,1,2,2,2,2,2,1,1,1,2,1,2,2,1,2,2,1,2,2,2,1,1,2,2,2,2,1,2,1,2,1,2,1,1,1,2,1,2,1,2,2,2,2,2,1,2,1,2,2,2,2,2,2,2,2,2,2,1,2,1,2,1,2,1,2,1,1,2,2,1,1,1,2,2,1,2,2,2,1,2,1,2,1,1,1,2,1,2,1,2,2,1,1
MK0201,1,201,2,2,2,1,2,2,1,2,2,1,1,2,1,2,2,2,1,2,1,1,1,2,2,2,2,2,2,1,1,1,2,1,1,2,2,2,1,1,2,2,2,2,2,2,2,2,1,2,2,2,2,2,2,1,1,2,1,2,2,1,1,2,1,2,1,2,1,1,1,1,2,2,2,1,2,2,2,2,2,2,2,2,1,1,1,2,2,1,2,2,2,2,2,2,2,2,2,2,2,1,2,2,1,2,1,1,1,1,2,2,2,2,2,1,1,1,2,2,2,2,1,2,2,1,2,2,2,1,1,2,2,2,1,1,2,1,2,1,2,1,1,1,2,1,2,1,2,2,2,2,2,1,2,1,2,2,2,2,2,2,2,2,1,2,1,2,1,2,1,2,1,2,1,1,2,2,1,1,1,2,2,1,2,2,2,1,2,1,2,1,1,1,1,1,2,1,2,2,1,1
MK0204,1,204,2,2,2,1,2,2,1,2,2,1,1,2,1,2,2,2,1,2,1,1,1,2,2,2,2,2,2,1,2,1,2,1,1,2,2,2,1,1,2,2,2,2,2,2,2,2,1,2,1,2,2,2,2,1,1,2,1,2,2,1,1,2,1,2,1,2,2,1,1,2,2,2,2,1,2,2,2,2,2,2,2,2,1,1,1,2,2,1,2,2,2,2,2,2,2,2,2,2,2,1,2,2,1,2,1,1,1,1,2,2,2,2,2,1,1,1,2,2,2,2,1,2,2,1,2,2,2,1,1,2,1,2,1,1,2,1,2,1,2,1,1,1,2,1,2,1,2,2,2,2,2,1,2,1,2,2,2,2,2,2,2,2,1,2,1,2,1,2,1,2,1,2,1,1,2,2,1,1,1,2,2,1,2,2,2,1,2,1,2,1,1,1,1,1,2,1,2,2,1,1
MK0205,1,205,2,2,1,1,2,2,1,2,2,1,1,2,1,2,2,2,1,2,1,1,1,2,2,2,2,2,2,1,2,1,2,1,1,2,1,2,1,1,2,2,2,2,2,2,2,2,1,2,1,2,2,2,2,1,1,2,1,2,2,1,1,2,1,2,1,2,2,1,1,2,2,2,2,1,2,2,2,2,2,2,2,2,1,1,1,2,2,1,2,2,2,2,2,2,2,2,2,2,2,1,2,2,1,2,1,1,1,1,2,2,2,2,2,1,1,1,2,2,2,2,1,2,2,1,2,2,2,1,1,2,1,2,1,1,2,1,2,1,2,1,1,1,2,1,2,1,2,2,2,2,2,1,2,1,2,2,2,2,2,2,2,2,1,2,1,2,1,2,1,2,1,2,1,1,2,2,1,1,1,2,2,1,2,2,2,1,2,1,2,1,1,1,1,1,2,1,2,2,1,1
MK0207,1,207,2,2,1,1,2,2,1,2,2,1,1,2,1,2,2,2,1,2,2,1,1,1,2,2,2,2,2,1,2,1,2,1,1,2,1,2,1,1,2,2,2,2,2,2,2,2,1,2,1,2,2,2,2,1,1,2,1,2,2,1,1,2,1,2,1,2,2,1,1,2,2,2,2,1,2,2,2,2,2,2,2,2,1,1,1,2,2,1,2,2,2,2,2,2,2,2,2,2,2,2,2,2,1,2,1,1,1,1,2,2,1,2,2,1,1,1,2,2,2,2,1,2,2,1,2,2,2,1,1,2,1,2,1,1,2,1,2,1,2,1,1,1,2,1,2,1,2,2,2,2,2,1,2,1,2,2,2,2,2,2,2,2,1,2,1,2,1,2,1,2,1,2,1,1,2,2,1,1,1,2,2,1,2,2,2,1,2,1,2,1,1,1,1,1,2,1,2,2,1,1
MK0210,1,210,2,2,1,1,2,2,1,2,2,1,1,2,1,2,2,2,1,2,2,1,1,1,2,2,1,2,2,1,2,1,2,1,1,2,1,2,1,1,2,2,2,2,2,2,2,2,1,2,1,2,2,2,2,1,1,2,1,2,2,1,1,2,1,2,1,2,2,1,1,2,2,2,2,1,2,2,2,2,2,2,2,2,1,1,1,2,2,1,2,2,2,2,2,2,2,2,2,2,2,2,2,2,1,2,1,1,1,1,2,2,1,2,2,1,1,1,2,1,2,2,1,2,2,1,2,2,2,1,1,2,1,2,1,1,2,1,2,1,2,1,1,1,2,1,1,1,2,1,2,2,2,1,2,1,2,2,2,2,2,2,2,2,1,2,1,2,1,2,1,2,1,2,1,1,2,2,1,1,1,2,2,1,2,2,2,1,2,1,2,1,1,1,1,1,2,1,2,2,1,1
MK0212,1,212,2,2,1,1,2,2,1,2,2,1,1,2,1,2,2,2,1,2,2,1,1,1,2,2,1,2,2,1,2,1,2,1,1,2,1,2,1,1,2,2,2,2,2,2,2,2,1,2,1,2,2,2,2,1,1,2,1,2,2,1,1,2,1,2,1,2,2,2,1,2,2,2,2,1,2,2,2,2,2,2,2,2,1,1,2,2,2,1,2,2,2,2,2,2,2,2,2,2,2,2,2,2,1,2,1,1,1,1,2,2,1,2,2,1,1,1,2,1,2,2,1,2,2,1,2,2,2,1,1,2,1,2,1,1,2,1,2,1,2,1,1,1,2,1,1,1,2,1,2,2,2,1,2,1,2,2,2,2,2,2,2,2,1,2,1,2,1,2,1,2,1,2,1,1,2,2,1,1,1,2,2,1,2,2,2,1,2,1,2,1,1,1,1,1,2,1,2,2,1,1
MK0214,1,214,2,2,1,1,2,2,1,2,2,1,1,2,1,2,2,2,1,2,2,1,1,1,2,2,1,2,2,1,2,1,2,1,1,2,1,2,1,1,1,2,2,2,2,2,2,2,1,2,1,2,2,2,2,1,1,2,1,1,2,1,1,2,1,2,1,2,2,2,1,2,2,2,2,1,2,2,2,2,2,2,2,2,1,1,2,2,2,1,2,2,2,2,1,2,2,2,2,2,2,2,2,2,1,2,1,1,1,1,2,2,1,2,2,1,1,1,2,1,2,2,1,2,2,1,2,2,2,1,2,2,1,2,1,1,2,1,2,1,2,1,1,1,2,1,1,1,2,1,2,2,2,1,2,1,2,2,2,2,2,2,2,2,1,2,1,2,1,2,1,2,1,2,1,1,2,2,1,1,1,2,2,1,2,2,2,1,2,1,2,1,1,1,1,1,2,1,2,2,1,1
MK0216,1,216,2,2,1,1,2,2,1,2,2,1,1,2,1,2,2,2,1,2,2,1,1,1,2,2,1,2,2,1,2,1,2,1,1,2,1,2,1,1,1,2,2,2,2,2,2,2,1,2,1,2,2,2,2,1,1,2,1,1,2,1,1,2,1,2,1,2,2,2,1,2,2,2,2,1,2,2,2,2,2,2,2,2,1,1,2,2,1,1,2,2,2,2,1,2,2,2,2,2,2,2,2,2,1,2,1,1,1,1,2,2,1,2,2,1,1,1,2,1,2,2,1,2,2,1,2,2,2,1,2,2,1,2,1,1,2,1,2,1,2,1,1,1,2,1,2,1,2,1,2,2,2,1,2,1,2,2,2,2,2,2,2,1,1,2,1,2,1,2,1,2,1,2,1,1,2,2,1,1,1,2,2,1,2,2,2,1,2,1,2,1,1,1,1,1,2,1,2,2,1,1
MK0217,1,217,2,2,2,1,2,2,1,2,2,1,1,2,1,2,2,2,1,2,2,1,1,1,2,2,1,2,2,1,2,1,2,1,1,2,1,2,1,1,1,2,2,2,2,2,2,2,1,2,1,2,2,2,2,1,1,2,1,1,2,1,1,2,1,2,1,2,2,2,1,2,2,2,2,1,2,2,2,2,2,2,2,2,1,1,2,2,1,1,2,2,2,2,1,2,2,2,2,2,2,2,2,2,1,2,1,1,1,1,2,2,1,2,2,1,1,1,1,1,2,2,1,2,2,1,2,2,2,1,2,2,1,2,1,1,2,1,2,1,2,1,1,1,2,1,2,1,2,1,2,2,2,1,2,1,2,2,2,2,2,2,2,1,1,2,1,2,1,2,1,2,1,2,1,1,2,2,1,1,1,2,2,1,2,2,2,1,2,1,2,1,1,1,1,1,2,1,2,2,1,1
MK0219,1,219,2,2,2,1,2,2,1,2,2,1,1,2,1,2,2,2,1,2,2,1,1,1,2,2,1,2,2,1,1,1,2,1,1,2,1,2,1,1,1,2,2,2,2,2,2,2,1,2,1,2,2,2,2,1,1,2,1,1,2,1,1,2,1,2,1,2,2,2,1,2,2,2,2,1,2,2,2,2,2,2,2,2,1,1,2,2,1,1,2,2,2,2,1,2,2,2,2,2,2,2,2,2,1,2,1,1,1,1,2,2,1,2,2,1,1,1,1,1,2,2,1,2,2,1,2,2,2,1,2,2,1,2,1,1,2,1,2,1,2,1,1,1,2,1,2,1,2,1,2,2,2,1,2,1,2,2,2,2,2,2,2,1,1,2,1,2,1,2,1,2,1,2,1,1,2,2,1,1,1,2,2,1,2,2,2,1,2,1,2,1,1,1,1,1,2,1,2,2,1,1
MK0220,1,220,2,2,2,1,2,2,1,2,2,1,1,2,1,2,2,2,1,2,2,1,1,1,2,2,1,2,2,1,1,1,2,1,1,2,1,2,1,1,1,2,2,2,1,2,2,2,1,2,1,2,2,2,2,1,1,2,1,1,2,1,1,2,1,2,1,2,2,2,1,2,2,2,2,1,2,2,2,2,2,2,2,2,1,1,2,2,1,1,2,2,2,2,1,2,2,2,2,2,2,2,2,2,1,2,2,1,1,1,2,2,1,2,2,1,1,1,1,1,2,2,1,2,2,1,2,2,2,1,2,2,1,2,1,1,2,1,2,1,2,1,1,1,2,1,2,1,2,1,2,2,2,1,2,1,2,2,2,2,2,2,2,1,1,2,1,2,1,2,1,2,1,1,1,1,2,2,1,1,1,2,2,1,2,2,2,1,2,1,2,1,1,1,1,1,1,1,2,2,1,1
MK0221,1,221,2,2,2,1,2,2,1,2,2,1,1,2,1,2,2,2,2,2,2,1,1,1,2,2,1,2,2,1,1,1,2,1,1,1,1,2,1,1,1,2,2,2,1,2,2,2,1,1,1,2,2,2,2,1,1,2,1,1,2,1,1,2,1,2,1,2,2,2,1,2,2,2,2,1,2,2,2,2,2,2,2,2,1,1,2,2,1,1,2,2,2,2,1,2,2,2,2,1,2,2,2,2,1,2,2,1,1,1,2,2,1,2,2,1,1,1,1,1,2,2,1,2,2,1,2,2,2,1,2,2,1,2,1,1,2,1,2,1,2,1,1,1,2,1,2,1,2,1,2,2,2,1,2,1,2,2,2,2,2,2,1,1,1,2,1,2,1,2,1,2,1,1,1,1,2,2,1,1,1,2,2,1,2,2,2,1,2,1,2,1,1,1,1,1,1,1,2,2,1,1
MK0222,1,222,2,2,2,1,2,2,1,2,2,1,1,2,1,2,2,2,2,2,2,1,1,1,2,2,1,2,2,1,1,1,2,1,1,1,1,2,1,1,1,2,2,2,1,2,2,2,1,1,1,2,2,2,2,1,1,2,1,1,1,1,1,2,1,2,1,2,2,2,1,2,2,2,2,1,2,2,2,2,2,2,2,2,1,1,2,2,1,1,2,2,2,2,1,2,2,2,2,1,2,2,2,2,1,2,2,1,1,1,2,2,1,2,2,1,1,1,1,1,2,2,1,2,2,1,2,2,2,1,2,2,1,2,1,1,2,1,2,1,2,1,1,1,2,1,2,1,2,1,2,2,2,1,2,1,2,2,2,2,2,2,1,1,1,2,1,2,1,2,1,2,1,1,1,1,2,2,1,1,1,2,2,1,2,2,2,1,2,1,2,1,1,1,1,1,1,1,2,2,1,1
MK0223,1,223,2,2,2,1,2,2,1,2,2,1,1,2,1,2,2,2,2,2,2,2,1,1,2,1,1,2,2,1,1,1,2,2,1,1,1,2,1,1,1,1,2,2,1,2,2,2,1,1,1,2,2,2,2,1,1,2,1,1,1,1,1,2,1,2,1,2,2,2,1,2,1,2,2,1,2,2,2,2,2,2,1,2,1,1,2,2,1,1,2,2,2,2,2,2,2,2,2,1,2,2,2,2,1,2,2,1,1,1,2,2,1,2,2,1,1,1,1,1,2,2,1,2,2,1,2,2,2,1,2,2,1,2,1,1,2,1,2,1,2,1,1,1,2,1,2,1,1,1,2,2,1,1,2,1,2,2,2,2,2,2,1,1,1,2,1,2,1,2,1,1,1,1,1,1,2,2,1,1,1,2,2,1,2,2,2,1,2,1,2,1,1,1,1,1,1,1,2,2,1,1
MK0227,1,227,2,2,2,1,2,2,1,2,2,1,1,2,1,2,2,2,2,2,2,2,1,1,2,1,1,2,2,1,1,1,2,2,1,1,1,2,1,1,1,1,2,2,1,2,2,2,1,1,1,2,2,2,2,1,1,2,1,1,1,1,1,2,1,2,1,2,2,2,1,2,1,2,2,1,2,2,2,2,2,2,1,2,1,1,2,2,1,1,2,2,2,2,1,2,2,2,2,1,2,2,2,2,1,2,2,1,1,1,2,2,1,2,2,1,1,1,1,1,2,2,1,2,2,1,2,2,2,1,2,2,1,2,1,1,2,1,2,1,2,1,1,1,2,1,2,1,1,1,2,2,1,1,2,1,2,2,2,2,2,2,1,1,1,2,1,2,1,2,1,1,1,1,1,1,2,2,1,1,1,2,2,1,2,2,2,1,2,1,2,1,1,1,1,1,2,1,2,2,1,1
MK0229,1,229,2,2,2,1,2,2,1,2,1,1,2,2,1,2,2,2,2,2,2,2,1,1,2,1,1,1,2,1,1,1,2,2,1,1,1,2,1,1,1,1,2,2,1,2,2,2,1,1,1,1,2,2,2,1,1,2,1,1,1,1,1,2,1,2,1,2,2,2,1,2,1,2,2,1,2,2,2,2,2,2,1,2,1,1,2,2,1,1,2,2,2,2,1,2,2,2,2,1,2,2,2,2,1,2,2,1,1,1,2,2,1,2,2,1,1,1,1,1,2,2,1,2,2,1,2,2,2,1,2,2,1,2,1,1,2,1,2,1,2,1,1,1,2,1,2,1,1,1,2,2,1,1,2,1,2,2,2,2,2,2,1,1,1,2,1,2,1,2,1,1,1,1,1,1,2,2,1,1,1,2,2,1,2,2,2,1,2,1,2,1,1,1,1,1,2,1,2,2,1,1
MK0231,1,231,2,2,2,1,2,2,1,2,1,1,2,2,1,2,2,2,2,2,2,2,2,1,2,1,1,1,2,1,1,1,2,2,1,1,1,2,1,1,1,1,2,2,1,2,2,2,1,1,1,1,2,2,2,1,1,2,1,1,1,1,1,2,1,2,1,2,2,2,1,2,2,2,2,1,2,2,2,2,2,2,1,2,1,1,2,2,1,1,2,2,2,2,1,2,2,2,1,1,2,2,2,2,1,2,2,1,1,1,2,2,1,2,1,1,1,1,1,1,2,2,1,2,2,1,2,2,2,1,2,2,1,2,1,2,2,1,2,1,2,1,1,1,2,1,2,1,1,1,2,2,1,1,2,1,2,2,2,2,2,2,1,1,1,2,1,2,1,2,1,1,1,1,1,1,2,2,1,1,1,2,2,1,2,2,2,1,2,1,2,1,1,1,1,1,2,1,2,2,1,1
MK0232,1,232,2,2,2,1,2,2,1,2,1,1,2,2,1,2,2,2,2,2,2,1,2,1,2,1,1,1,2,1,1,1,2,2,2,1,1,2,1,1,1,1,2,1,1,2,2,2,1,1,1,1,2,2,2,1,1,2,1,1,2,1,1,2,1,2,2,2,2,2,1,2,2,2,1,2,1,2,2,2,2,2,1,2,1,1,2,2,1,1,2,2,2,2,1,2,2,2,1,1,2,2,2,2,1,2,2,1,1,1,2,2,1,2,1,1,1,1,1,1,2,2,1,2,2,1,2,2,2,1,2,1,1,2,1,2,2,1,2,1,2,1,2,1,2,1,2,1,1,1,2,2,1,1,2,1,2,2,2,2,2,2,1,2,1,2,1,2,1,2,1,1,1,1,1,1,2,2,1,1,1,2,2,1,2,2,2,1,2,1,2,1,1,1,1,1,2,1,2,2,1,1
MK0233,1,233,2,2,2,1,2,2,1,2,1,1,2,2,1,2,2,2,2,2,2,1,2,1,2,1,1,1,2,1,1,1,2,2,2,1,1,2,1,1,1,1,2,1,1,2,2,2,1,1,1,1,2,2,2,1,1,2,1,1,2,1,1,2,1,2,2,2,2,2,1,2,2,2,1,2,1,2,2,2,2,2,1,2,1,1,2,2,1,1,2,2,2,2,1,2,2,2,1,1,2,2,2,2,1,2,2,1,1,1,2,2,1,2,1,1,1,1,1,1,2,2,1,2,2,1,2,2,2,1,2,1,1,2,1,2,2,1,2,1,2,1,2,1,2,1,2,1,1,1,2,2,1,1,2,1,2,1,2,2,2,2,1,2,1,2,1,2,1,2,1,1,1,1,1,1,2,2,1,1,1,2,2,1,2,2,2,1,2,1,2,1,1,1,1,1,2,1,2,2,1,1
MK0236,1,236,2,2,2,1,2,2,1,2,1,1,2,2,1,2,2,2,2,2,2,1,2,1,2,1,1,1,2,1,1,1,2,2,2,1,1,2,1,1,1,1,2,1,1,2,2,2,1,1,1,1,2,2,2,1,1,2,2,1,2,1,1,2,1,2,2,2,2,2,1,2,2,2,1,2,1,2,2,2,2,2,1,2,1,1,2,2,1,1,2,2,2,2,1,2,2,2,1,1,2,2,1,2,1,2,2,1,1,1,2,2,1,2,1,1,1,1,1,1,1,2,1,2,2,1,2,2,2,1,2,1,1,2,1,2,2,1,2,1,2,1,2,1,2,1,2,1,1,1,2,2,1,1,2,1,2,1,2,2,2,2,2,1,1,2,1,2,1,2,1,1,1,1,1,1,2,2,1,1,1,2,2,1,2,2,2,1,2,1,2,1,1,1,1,1,2,1,2,2,1,1
MK0241,1,241,2,2,2,1,2,2,1,2,1,1,2,2,1,1,2,2,2,2,2,1,2,1,2,1,1,1,2,1,1,1,2,2,2,1,1,2,1,1,1,1,2,1,1,2,2,2,1,1,1,1,2,2,2,1,1,2,2,1,2,1,1,2,1,2,1,2,2,2,1,2,2,2,1,2,1,2,2,2,2,2,1,2,1,1,2,2,1,1,2,2,2,2,1,2,2,2,1,1,2,2,1,2,1,2,2,1,1,1,2,2,1,2,1,1,1,1,1,1,1,2,1,2,2,1,2,2,2,1,2,1,1,2,1,2,2,1,2,1,2,1,2,1,2,1,2,1,1,1,2,2,1,1,2,1,2,1,2,2,2,2,2,1,1,2,1,2,1,2,1,1,1,1,1,1,2,2,1,1,1,2,2,1,2,2,2,1,2,1,2,1,1,1,1,1,2,1,2,2,1,1
MK0245,1,245,2,2,2,1,2,2,1,2,1,1,2,2,1,1,2,2,2,2,2,1,2,1,2,1,1,1,2,1,1,1,2,2,2,1,1,2,1,1,1,1,2,1,1,2,2,2,1,1,1,1,2,2,2,1,1,2,2,1,2,1,1,2,1,2,2,2,2,2,1,2,2,2,1,2,1,2,2,2,2,2,1,2,1,1,2,2,1,1,2,2,2,2,1,2,2,2,1,1,2,2,1,2,1,2,2,1,1,1,2,2,1,2,1,1,1,1,1,1,1,2,1,2,2,1,2,2,2,1,2,1,1,2,1,2,2,1,2,1,2,1,2,1,2,1,2,1,1,1,2,2,1,1,2,1,2,1,2,2,2,2,2,1,1,2,1,2,1,2,1,1,1,1,1,1,2,2,1,1,1,2,2,1,2,2,2,1,2,1,2,1,1,1,1,1,2,1,2,2,1,1
MK0246,1,246,2,2,2,1,2,2,1,2,1,1,2,2,1,1,2,2,2,2,2,1,2,1,2,1,1,1,2,1,1,1,2,2,2,1,1,2,1,1,1,1,2,1,1,2,2,2,1,1,1,1,2,2,2,1,1,1,2,1,2,1,1,2,1,2,2,2,1,2,1,2,2,2,1,2,1,2,2,2,2,2,1,2,1,1,2,2,1,1,2,2,2,2,1,2,2,2,1,1,2,2,1,2,1,2,2,1,1,1,2,2,1,2,1,1,1,1,1,1,1,2,1,2,2,1,2,2,2,1,2,1,1,2,1,2,2,1,2,1,2,1,2,1,2,1,2,1,1,1,2,2,1,1,2,1,2,1,2,2,2,2,2,1,1,2,1,2,1,2,1,1,1,1,1,1,2,2,1,1,1,2,2,1,2,2,2,1,2,1,2,1,1,1,1,1,2,1,2,2,1,1
MK0247,1,247,2,2,2,1,2,2,1,2,1,1,2,2,1,1,2,2,2,2,2,1,2,1,2,1,1,1,2,1,1,1,2,2,2,1,1,2,1,1,1,1,2,1,1,2,2,2,1,1,1,1,2,2,2,1,1,1,2,1,2,1,1,2,1,2,2,2,1,2,1,2,2,2,1,2,1,2,2,2,2,2,1,2,1,1,2,2,1,1,2,2,2,2,1,2,2,2,1,1,2,2,1,2,1,2,2,1,1,1,2,2,1,2,1,1,1,1,1,1,1,2,1,2,2,1,2,2,2,1,2,1,1,2,1,2,2,1,2,1,2,1,2,1,2,1,2,1,1,1,2,2,1,1,2,1,2,1,2,2,2,2,2,1,1,2,1,2,1,2,1,1,1,1,1,1,2,2,1,1,1,2,2,1,2,2,2,1,2,1,2,1,1,1,1,1,2,1,2,2,1,1
MK0248,1,248,2,2,2,1,2,2,1,2,1,1,2,2,1,1,2,2,2,2,2,1,2,1,2,1,1,1,2,1,1,1,2,2,2,1,1,2,1,1,1,1,2,1,2,2,2,2,1,1,1,1,2,2,2,1,1,1,2,1,2,1,1,2,1,2,2,2,1,2,1,2,2,2,1,2,1,2,2,2,2,2,1,2,1,1,2,2,1,1,2,2,2,2,1,2,2,2,1,1,2,2,1,2,1,2,2,1,1,1,2,2,1,2,1,1,1,1,1,1,1,2,1,2,2,1,2,2,2,1,2,1,1,2,1,2,2,1,2,1,2,1,2,1,2,1,2,1,1,1,2,2,1,1,2,1,2,1,2,2,2,2,2,1,1,2,1,2,1,2,1,1,1,1,1,1,2,2,1,1,1,2,2,1,2,2,2,1,2,1,2,1,1,1,1,1,2,1,2,2,2,1
MK0249,1,249,2,2,2,1,2,2,1,2,1,1,2,2,1,1,2,2,2,2,2,1,2,1,2,1,1,1,2,1,1,1,2,2,2,2,1,2,1,1,1,1,2,1,2,2,2,2,1,1,1,1,2,2,2,1,1,1,2,1,2,1,1,2,1,2,2,2,1,2,1,2,2,2,1,2,1,2,2,2,2,2,1,2,1,1,2,2,1,1,2,2,2,2,1,2,2,2,1,1,2,2,1,2,1,2,2,1,1,1,2,2,1,2,1,1,1,1,1,1,1,2,1,2,2,1,2,2,2,1,2,1,1,2,1,2,2,1,2,1,2,1,2,1,2,1,2,1,1,1,2,2,1,1,2,1,2,1,2,2,2,2,2,1,1,2,1,2,1,2,1,1,1,1,1,1,2,2,1,1,1,2,2,1,2,2,2,1,2,1,2,1,1,1,1,1,1,1,2,2,2,1
MK0250,1,250,2,2,2,1,2,2,1,2,1,1,2,2,1,1,2,2,2,2,2,1,2,1,2,2,1,1,2,1,1,1,2,2,2,2,1,2,1,1,1,1,2,1,2,2,2,2,1,1,1,1,2,2,2,1,1,1,2,1,2,1,1,2,1,2,2,2,1,2,1,2,2,2,1,2,1,2,2,2,2,2,1,2,1,1,2,2,1,1,2,2,2,2,1,2,2,2,2,1,2,2,1,2,1,2,2,1,1,1,2,2,2,2,1,1,1,1,1,1,1,2,1,2,2,1,2,2,2,1,2,1,1,2,1,2,2,1,2,1,2,1,2,1,2,1,2,1,1,1,2,2,1,1,2,1,2,1,2,2,2,2,2,1,1,2,1,2,1,2,1,1,1,1,1,1,2,2,1,1,1,2,2,1,2,2,2,1,2,1,2,1,1,1,1,1,1,1,2,2,2,1
MK0251,1,251,2,2,2,1,2,2,1,2,1,1,2,2,1,1,2,2,2,2,2,1,2,1,2,2,1,1,2,1,1,1,2,2,2,2,1,2,1,1,1,1,2,1,2,2,2,2,1,1,1,1,2,2,2,1,1,1,2,1,2,1,1,2,1,2,2,2,1,2,1,2,2,2,1,1,1,2,2,2,2,2,1,2,1,1,2,2,1,1,1,2,2,2,1,2,2,2,1,1,2,1,1,2,1,2,2,1,1,1,2,2,2,2,1,1,1,1,1,1,1,2,1,2,2,1,2,2,2,1,2,1,1,2,1,2,2,1,2,1,2,1,2,1,2,1,2,1,1,1,2,2,1,1,2,1,2,1,2,2,2,2,2,1,1,2,1,2,1,2,1,1,1,2,1,2,2,2,1,1,1,2,2,1,2,2,2,1,2,2,2,1,1,1,1,1,1,1,2,2,2,1
MK0252,1,252,2,2,2,1,2,2,1,2,1,1,2,2,1,1,2,2,2,2,2,1,2,1,2,2,1,1,2,1,1,1,2,2,2,2,1,2,1,1,1,1,2,1,2,2,2,2,1,1,1,1,2,2,2,1,1,1,2,1,2,1,1,2,1,2,2,2,1,2,1,2,2,2,1,1,1,2,2,2,2,2,1,2,1,1,2,2,1,1,1,2,2,2,1,2,2,2,1,1,2,1,1,2,1,2,2,2,1,1,2,2,2,2,1,1,1,1,1,1,1,2,1,2,2,1,2,2,2,1,2,1,1,2,2,2,2,1,2,1,2,1,2,1,2,1,2,1,1,1,2,2,1,1,2,1,2,1,2,2,2,2,2,1,1,2,1,2,1,2,1,1,1,2,1,2,2,2,1,1,1,2,2,1,2,2,2,1,2,2,2,2,1,1,1,1,1,1,2,2,2,1
MK0253,1,253,2,2,2,1,2,2,1,2,1,1,2,2,1,1,2,1,2,2,2,1,2,1,2,2,1,2,2,1,1,1,2,2,2,2,1,2,1,1,1,2,2,1,2,2,2,2,1,1,1,1,2,2,2,1,1,1,2,1,2,1,1,2,1,2,2,2,1,2,1,2,2,2,1,1,1,2,2,2,2,2,1,2,1,1,2,1,1,1,1,2,2,2,1,2,2,2,1,1,2,1,1,2,1,2,2,2,1,1,2,2,2,2,1,1,1,1,1,1,1,2,1,2,2,1,2,2,2,1,2,1,2,2,2,2,2,1,2,1,2,1,2,1,2,1,2,1,1,1,2,2,1,1,2,1,2,1,2,2,2,2,2,1,1,2,1,2,1,2,1,1,1,2,1,2,2,2,1,2,1,2,2,1,2,2,2,1,2,2,2,1,1,1,1,1,1,1,2,2,2,1
MK0255,1,255,2,2,2,1,2,2,1,2,1,1,2,2,2,1,2,1,2,2,2,1,2,1,2,2,1,2,2,1,1,1,2,2,2,2,1,2,1,1,1,2,1,1,1,2,2,2,1,1,1,1,2,2,2,1,1,1,2,1,2,1,1,2,1,2,2,2,1,2,1,2,2,2,1,1,1,1,2,2,2,2,1,2,1,1,2,1,1,1,1,2,2,2,1,2,2,2,1,1,2,1,1,2,1,2,2,2,1,1,2,2,2,2,1,1,1,1,1,1,1,2,1,2,2,1,2,2,2,1,2,1,2,2,2,2,2,1,2,1,1,1,2,1,2,1,2,1,1,1,2,1,1,1,2,1,2,1,2,2,2,2,2,1,1,2,1,2,1,2,1,1,1,2,1,2,2,2,1,2,1,2,2,1,2,2,2,1,2,2,2,1,1,1,1,1,1,1,2,2,2,1
MK0256,1,256,2,2,2,1,2,2,1,2,1,1,2,2,2,1,2,1,2,2,2,1,2,1,2,2,1,2,2,1,1,1,2,2,2,2,1,2,1,1,1,2,1,1,1,2,2,2,1,1,1,1,2,2,1,1,1,1,2,1,2,1,1,2,1,2,2,2,1,2,1,2,2,2,1,1,1,1,2,2,2,2,1,2,1,1,2,1,1,1,1,2,2,2,1,2,2,2,1,1,2,1,1,2,1,2,2,2,1,1,2,2,2,2,1,1,1,1,1,1,1,2,1,2,2,1,2,2,2,1,2,1,2,2,2,2,2,2,2,1,1,1,2,1,2,1,2,1,1,1,2,1,1,1,2,1,2,1,2,2,2,2,2,1,1,2,1,2,1,2,1,1,1,2,1,2,2,2,1,2,1,2,2,1,2,2,2,1,2,2,2,1,1,1,1,1,1,1,2,2,2,1
MK0258,1,258,2,2,2,1,2,2,1,2,1,1,2,2,2,1,2,1,2,2,2,1,2,1,2,2,1,2,2,1,1,1,2,2,2,2,1,2,1,1,1,2,1,1,1,2,2,2,1,1,1,1,2,2,1,1,1,1,2,1,2,1,1,2,1,2,2,2,1,2,1,2,2,2,1,1,1,1,2,2,2,2,1,2,1,1,2,1,1,1,1,2,2,2,1,2,2,2,1,1,2,1,1,2,1,2,2,2,1,1,2,2,2,2,1,1,1,1,1,1,1,2,1,2,2,1,2,2,2,1,2,1,2,2,2,2,2,2,2,1,1,1,2,1,2,1,2,1,1,2,2,1,1,1,2,1,2,1,2,2,2,2,2,1,1,2,1,2,1,2,1,1,1,2,1,2,2,2,1,2,1,2,2,1,2,2,2,1,2,2,2,1,1,1,1,1,1,1,2,2,2,1
MK0259,1,259,2,2,2,1,2,2,1,2,1,1,2,2,2,1,2,1,2,2,1,2,2,1,2,2,1,2,2,1,1,1,2,2,2,2,1,2,1,1,1,2,1,1,1,2,2,2,1,1,1,1,2,2,1,1,1,1,2,1,2,1,1,2,1,2,2,2,1,2,1,2,2,2,1,1,1,1,2,2,2,2,1,2,1,1,2,1,1,1,1,2,2,2,1,2,2,2,1,1,2,1,1,2,1,2,2,2,1,1,2,2,2,2,2,1,1,1,1,1,1,1,1,2,2,1,2,2,2,1,2,1,2,2,2,2,2,2,2,1,1,1,2,1,2,1,2,1,1,2,2,1,1,1,2,1,2,1,2,2,2,2,2,1,1,2,1,2,1,2,1,1,1,2,1,2,2,2,1,2,1,2,2,1,2,2,2,1,2,2,2,1,1,1,1,1,1,1,2,2,2,1
MK0261,1,261,2,2,2,1,2,2,1,2,1,1,2,2,2,1,2,1,2,2,1,2,2,1,2,2,1,2,2,1,1,1,2,1,2,2,1,2,1,1,1,2,1,1,1,2,2,2,1,1,1,1,2,2,1,1,1,1,2,1,2,1,1,2,1,2,2,2,1,1,1,2,2,2,1,1,1,1,2,2,2,2,1,2,1,1,2,1,1,1,1,2,2,2,1,2,2,2,1,1,2,1,1,2,1,2,2,1,1,1,2,2,2,2,2,1,1,1,1,1,1,1,1,2,2,1,2,2,2,1,2,1,2,2,2,2,2,1,2,1,1,1,2,1,2,1,2,1,1,2,2,1,1,1,2,1,2,1,2,2,2,2,2,1,1,2,1,2,1,2,1,1,1,2,1,2,2,1,1,2,1,2,2,1,2,2,2,1,2,2,2,1,1,1,1,1,1,1,2,2,2,1
MK0262,1,262,2,2,2,1,2,2,1,2,1,1,2,2,2,1,2,1,2,2,1,2,2,1,2,2,1,2,2,1,1,1,2,1,2,2,1,2,1,1,1,2,1,1,1,2,2,2,1,1,1,1,2,2,1,1,1,1,2,1,2,1,1,2,1,2,2,1,1,1,1,2,2,1,1,1,1,1,2,2,2,2,1,2,1,1,2,1,1,1,1,2,2,2,1,2,2,2,1,1,2,1,1,2,1,2,2,1,1,1,2,2,2,2,2,1,1,1,1,1,1,1,1,2,2,1,2,2,2,1,2,1,2,2,2,1,2,1,2,1,1,1,2,1,2,1,2,1,1,2,2,1,1,1,2,1,2,1,1,2,2,2,2,1,1,2,1,2,1,2,1,1,1,2,1,2,2,1,1,2,1,2,2,1,2,2,2,1,2,2,2,1,1,1,1,1,1,1,2,2,2,1
MK0265,1,265,2,2,2,1,2,2,1,2,1,1,2,2,2,1,2,1,2,2,1,2,2,1,2,2,1,2,2,1,1,1,2,1,2,2,1,2,1,1,1,2,1,1,1,2,2,2,1,1,1,1,2,2,1,1,1,1,2,1,2,1,1,2,2,2,2,1,1,1,1,2,2,1,1,1,1,1,2,2,2,2,1,2,1,1,2,1,1,1,1,2,2,2,1,2,2,2,1,1,2,1,1,2,1,2,2,1,1,1,2,2,2,2,2,1,1,1,1,1,1,1,1,2,2,1,2,2,2,1,2,1,2,2,2,1,2,1,2,1,1,1,2,1,2,1,2,1,1,2,2,1,1,1,2,1,2,1,1,2,2,2,2,1,1,2,1,2,1,2,1,1,1,2,1,2,2,1,1,2,1,2,2,1,2,2,2,1,2,1,2,1,1,1,1,1,1,1,2,2,2,1
MK0267,1,267,2,2,2,1,2,2,1,2,1,1,2,2,2,1,2,1,2,2,1,2,2,1,2,2,1,2,2,1,1,1,2,1,2,1,1,2,1,1,1,2,1,1,1,2,2,2,1,1,1,1,2,2,1,1,1,1,2,1,2,1,1,2,2,2,2,1,1,1,1,2,2,1,1,2,1,1,2,2,2,2,1,2,1,1,2,1,1,1,1,2,2,2,1,2,1,2,1,1,2,1,1,2,1,2,2,1,1,1,2,1,2,2,2,1,1,1,1,1,1,1,1,2,2,1,2,2,2,1,2,1,2,2,2,1,2,1,2,1,1,1,2,1,2,1,2,1,1,2,2,1,1,1,2,1,2,1,1,2,2,2,2,1,1,2,1,1,1,2,1,1,2,2,1,2,2,1,1,1,1,2,2,1,2,2,2,1,2,1,2,1,1,1,1,1,1,1,2,2,2,1
MK0268,1,268,2,2,1,1,2,2,1,2,1,1,2,2,2,1,2,1,2,2,1,2,2,1,2,2,1,2,2,2,1,1,2,1,2,1,1,2,1,1,1,2,1,1,1,2,2,2,1,1,1,1,2,2,1,1,1,1,2,1,2,1,1,2,2,2,2,1,2,1,1,2,2,1,1,2,1,2,2,2,2,2,1,2,1,1,2,1,1,1,1,2,2,2,1,2,1,2,1,1,2,2,1,2,1,2,2,1,1,1,2,1,2,1,1,1,1,1,1,1,1,1,1,2,2,1,2,2,2,1,2,1,2,2,2,1,2,1,2,1,1,1,2,1,2,1,2,1,1,2,2,1,1,1,2,1,2,1,1,2,2,2,2,1,1,2,1,1,1,2,1,1,2,2,1,2,2,1,1,1,1,2,1,1,2,2,2,2,2,1,2,1,1,1,1,1,1,1,2,2,2,1
MK0269,1,269,2,2,1,1,2,2,1,2,1,1,2,2,2,1,2,1,2,2,1,2,2,1,2,2,1,2,2,2,1,1,2,1,2,1,1,2,2,1,1,2,1,1,1,2,2,2,1,1,1,1,2,2,1,1,1,1,2,1,1,1,1,2,2,2,2,2,2,1,1,2,2,1,2,2,1,2,2,2,2,2,1,2,1,1,2,1,1,1,1,2,2,2,1,2,1,2,1,1,2,2,1,2,1,2,2,1,1,1,1,1,2,1,1,1,1,1,1,1,1,1,1,2,2,1,2,2,2,1,2,1,2,2,2,1,2,1,2,1,1,1,2,1,2,1,2,1,1,2,2,1,1,1,2,1,2,1,1,2,2,2,2,1,1,2,1,1,1,2,1,1,2,2,1,2,2,1,1,1,1,2,1,2,2,2,2,2,2,1,2,1,1,1,1,1,1,1,2,2,2,1
MK0271,1,271,2,2,1,1,2,2,1,2,1,1,2,2,2,1,2,1,2,2,1,2,2,1,2,2,1,2,2,2,1,2,2,1,2,1,1,2,2,1,1,2,1,1,1,2,2,2,1,1,1,1,2,2,1,1,1,1,2,1,1,1,1,2,2,2,2,2,2,1,1,2,2,1,2,2,1,2,2,2,2,2,1,2,1,1,2,1,1,1,1,2,2,2,1,2,1,2,1,1,2,2,1,2,1,2,2,1,1,1,1,1,2,1,1,1,1,2,1,1,1,1,1,2,2,1,2,2,2,1,2,1,2,2,2,1,2,1,2,1,1,1,2,1,2,1,2,1,1,2,2,1,1,1,2,1,2,1,1,2,2,2,2,1,1,2,1,1,1,2,1,1,2,2,1,2,2,1,1,1,1,2,1,2,2,2,2,2,2,1,2,1,1,1,1,1,1,1,2,2,2,1
MK0273,1,273,2,2,1,1,2,2,1,2,1,1,2,2,2,2,2,1,2,2,1,2,2,1,2,2,1,2,2,2,1,2,2,1,2,1,1,2,1,1,1,2,1,1,1,2,2,2,1,1,1,1,2,2,1,1,1,1,2,1,1,1,1,1,2,2,2,2,2,1,1,2,2,1,2,2,1,2,2,2,2,2,1,2,1,1,2,1,1,1,1,2,2,2,1,2,1,2,1,1,2,2,1,2,1,2,2,1,1,1,1,1,2,1,2,1,1,2,1,2,1,1,1,2,2,1,2,2,2,1,2,1,2,2,2,1,2,1,2,1,1,1,2,1,1,1,2,1,1,2,2,1,1,1,2,1,2,1,1,2,2,2,2,1,1,2,1,1,1,2,1,1,2,2,1,2,2,1,1,1,1,2,1,2,2,2,1,2,2,1,2,1,1,1,1,1,1,1,2,2,1,1
MK0274,1,274,2,2,1,1,2,2,1,2,1,1,2,2,2,2,2,1,1,2,1,2,2,1,2,2,1,2,2,2,1,2,2,1,2,1,1,2,1,1,1,2,1,1,1,2,2,2,1,1,1,1,2,2,1,1,1,1,2,1,1,1,1,1,2,2,2,2,2,1,1,2,2,1,2,2,1,2,2,1,2,2,1,2,1,1,2,1,1,1,1,2,2,2,1,2,1,2,1,1,2,2,1,2,1,2,2,1,1,1,1,1,2,1,1,1,1,2,1,2,1,1,1,2,2,1,2,2,2,1,2,1,2,2,2,1,2,1,2,1,1,1,2,1,1,1,2,1,1,2,2,1,1,1,2,1,2,1,1,2,2,2,2,1,1,2,1,1,1,2,1,1,2,2,1,2,2,1,1,1,1,2,1,2,2,2,1,2,2,1,2,1,1,1,1,1,1,1,2,2,1,1
MK0275,1,275,2,2,1,1,2,2,1,2,1,1,2,2,2,2,2,1,1,2,1,2,2,1,2,2,1,2,2,1,1,2,2,1,2,1,2,2,1,1,1,2,1,1,1,2,2,2,1,1,1,1,2,2,1,1,1,1,2,1,1,1,1,1,2,2,2,2,2,1,1,2,2,1,2,2,1,2,2,1,2,2,1,2,1,1,2,1,1,1,1,2,2,2,1,2,1,2,1,1,2,2,1,2,2,2,2,1,1,1,1,1,2,1,1,1,1,2,1,2,1,1,1,1,2,1,2,2,2,1,2,1,2,2,2,1,2,1,2,1,1,1,2,1,1,1,2,1,1,2,2,1,1,1,2,1,2,1,1,2,2,2,2,1,1,2,1,1,1,2,1,1,2,2,1,2,2,1,1,1,1,2,1,2,2,2,1,2,2,1,2,1,1,1,1,1,1,1,2,2,1,1
MK0276,1,276,2,2,1,1,2,2,1,2,1,1,2,2,2,2,2,1,1,2,1,2,2,1,1,2,1,2,2,1,1,2,2,1,2,1,2,2,1,1,1,2,2,1,1,2,2,2,1,1,1,1,2,2,1,1,1,1,2,1,1,1,1,1,2,2,2,2,2,1,1,2,2,1,2,2,1,2,2,1,2,2,1,2,1,1,2,1,1,1,1,2,2,2,1,2,1,2,1,1,2,2,1,2,2,2,2,1,1,1,1,1,2,1,1,1,1,2,1,2,1,1,1,1,2,1,2,2,2,1,2,1,2,2,2,1,2,1,2,1,1,1,2,1,1,1,2,1,1,2,2,1,1,1,2,1,2,1,1,2,2,2,2,1,1,2,1,1,1,2,1,1,2,2,1,2,2,1,1,1,1,2,1,2,2,2,1,2,2,1,2,1,1,1,1,1,1,1,2,2,1,1
MK0277,1,277,2,2,1,1,2,2,1,2,1,1,2,2,2,2,2,1,1,2,1,2,2,1,1,2,1,2,2,1,1,2,2,1,2,2,2,2,1,1,1,2,2,1,1,2,2,2,1,1,1,1,2,2,1,1,1,1,2,1,1,1,1,2,2,2,2,2,2,1,2,2,2,1,2,2,1,2,2,1,2,2,1,2,1,1,2,1,1,1,1,2,2,2,2,2,1,2,1,1,2,2,1,2,2,1,2,1,1,1,1,1,2,1,1,1,1,2,1,2,1,1,1,1,2,1,2,2,2,1,2,1,2,2,2,1,2,1,2,1,1,1,2,1,1,1,2,1,1,2,2,1,1,1,2,1,2,1,1,2,2,2,2,1,1,2,1,1,1,2,1,1,1,2,1,2,2,1,1,1,1,2,1,2,2,2,1,2,2,1,2,1,1,1,1,1,1,1,2,2,1,1
MK0278,1,278,2,2,1,1,2,2,1,2,1,1,2,1,2,2,2,1,1,2,1,2,2,1,1,2,1,2,2,1,1,2,1,1,2,2,2,2,1,1,1,2,2,1,1,2,2,2,1,1,1,1,2,2,1,1,1,1,2,1,1,1,1,2,2,2,2,2,2,1,2,2,2,1,2,2,1,2,2,1,2,2,1,2,1,1,2,1,1,1,1,2,2,2,2,2,1,2,1,1,2,2,1,2,2,1,2,1,1,1,1,1,2,1,1,1,1,2,1,2,1,1,1,1,2,1,2,2,2,1,2,1,2,2,2,2,2,1,2,1,1,1,2,1,1,1,2,1,1,2,2,1,1,1,2,1,2,1,1,2,2,2,2,1,1,2,1,1,1,2,1,1,1,2,1,2,2,1,2,1,1,2,1,2,2,2,1,2,2,1,2,1,1,1,1,2,1,1,2,2,1,1
MK0279,1,279,2,2,1,1,2,2,1,2,1,1,2,1,2,2,2,1,1,2,1,2,2,1,1,2,1,2,2,1,1,2,1,1,2,2,2,2,1,1,1,2,2,1,1,2,2,2,1,1,1,1,2,2,1,1,1,1,2,1,1,1,1,2,2,2,2,2,2,1,2,2,2,1,2,2,1,2,2,1,2,2,1,2,1,1,2,1,1,1,1,2,2,2,2,2,1,2,1,1,2,2,1,2,2,1,2,1,1,1,1,1,2,1,1,1,1,2,2,2,1,1,1,1,2,1,2,2,2,1,2,1,2,2,2,2,2,1,2,1,1,1,2,1,1,1,2,1,1,2,2,1,1,1,2,1,2,1,1,2,2,2,2,1,1,2,1,1,1,2,1,1,1,2,1,2,2,1,2,1,1,2,1,2,2,2,1,2,2,1,2,1,1,1,1,2,1,1,2,2,1,1
MK0280,1,280,2,2,1,1,2,2,1,2,1,1,2,1,2,2,2,1,1,2,1,2,2,1,1,2,1,2,2,1,1,2,1,1,2,2,2,2,1,1,1,2,2,1,1,2,2,2,1,1,1,1,2,2,1,1,1,1,2,1,1,1,1,2,2,2,2,2,1,1,2,2,2,1,2,2,1,2,2,1,2,2,1,2,1,1,2,1,1,1,1,2,2,2,1,2,1,2,1,1,2,2,1,2,2,1,2,1,1,1,1,1,2,1,1,1,1,1,2,2,1,1,1,1,2,1,2,2,2,1,2,1,2,2,2,2,2,1,2,1,1,1,2,1,1,2,2,1,1,2,2,1,1,1,2,1,2,1,1,2,2,2,1,1,1,2,1,1,1,2,1,1,1,2,1,2,2,1,2,1,1,2,1,2,2,2,1,2,2,1,2,1,1,1,1,2,1,1,2,2,1,1
MK0281,1,281,2,2,1,1,2,2,1,2,1,1,2,1,2,2,2,1,1,2,1,2,2,1,1,2,1,2,2,1,1,2,1,1,2,2,2,2,2,1,1,2,2,1,1,2,2,2,1,1,1,1,2,2,1,1,1,1,2,1,1,1,1,2,2,2,2,2,1,1,2,2,2,1,2,2,1,2,2,1,2,2,1,2,1,1,2,1,1,1,1,2,2,2,1,2,1,2,1,1,2,2,1,2,2,1,2,1,1,1,1,1,2,1,1,1,1,1,2,2,1,1,1,1,2,1,2,2,2,1,2,1,2,2,2,2,2,1,2,2,1,1,2,1,1,2,2,1,2,2,2,1,1,1,2,1,2,1,1,2,2,2,1,1,1,2,1,1,1,2,1,1,1,2,1,2,2,1,2,1,1,2,2,2,2,2,1,2,2,1,2,1,1,1,1,2,1,1,2,2,1,1
MK0282,1,282,2,2,1,1,2,2,1,2,1,1,2,1,2,2,2,1,1,2,1,2,2,1,1,2,1,2,2,1,1,2,1,1,2,2,2,2,2,2,1,2,2,1,1,2,2,2,1,1,1,1,2,2,1,1,1,2,2,1,1,1,1,2,2,2,2,2,1,1,2,2,2,1,2,2,1,2,2,1,2,2,1,1,1,1,1,1,1,1,1,2,2,2,1,2,1,2,1,1,2,2,1,2,2,2,2,1,1,1,1,1,2,2,1,1,1,1,2,2,1,1,1,1,2,1,2,2,2,1,2,2,2,2,2,2,2,1,2,2,1,1,2,1,1,2,2,1,2,2,2,1,1,1,2,1,2,1,1,2,2,2,1,1,1,2,1,1,1,2,1,1,1,2,1,2,2,1,2,1,1,2,2,2,2,2,1,2,2,1,2,1,1,1,1,2,1,1,2,2,1,1
MK0283,1,283,2,2,1,1,2,2,1,2,1,1,2,1,2,2,2,1,1,2,1,2,2,1,1,2,1,2,2,1,1,2,1,1,2,2,2,2,2,2,1,2,2,1,1,2,2,2,1,1,1,1,2,2,1,1,1,2,2,1,1,1,1,1,2,2,2,2,1,1,2,2,2,1,2,2,1,2,2,1,2,2,1,1,1,1,1,1,1,1,1,2,2,2,1,2,1,2,1,1,2,2,1,2,2,2,2,1,1,1,1,1,2,2,1,1,1,1,2,2,1,1,1,1,2,1,2,2,2,1,2,2,2,2,2,2,2,1,2,2,1,1,2,1,1,2,2,1,2,2,2,1,1,1,2,1,2,1,1,2,2,2,1,1,1,2,1,1,1,2,1,1,1,2,1,2,2,1,2,1,1,2,2,2,2,2,1,2,2,1,2,1,1,1,1,2,1,1,2,2,1,1
MK0284,1,284,2,2,1,1,2,2,1,2,1,1,2,1,2,2,2,1,1,2,1,2,2,1,1,2,1,2,2,1,1,2,1,1,2,1,2,2,2,2,1,2,2,2,1,2,2,2,1,1,1,1,2,2,1,1,1,2,2,1,1,1,1,1,1,2,2,2,1,1,2,2,2,1,2,2,1,2,2,1,2,2,1,1,1,1,1,1,1,2,1,2,2,2,1,2,1,2,1,1,2,2,1,2,2,2,2,1,1,1,1,1,2,1,1,1,1,2,2,2,1,1,1,1,2,1,2,2,2,1,2,2,2,2,2,2,2,1,2,2,1,1,2,1,1,2,2,1,2,2,2,1,1,1,2,1,2,1,1,2,2,2,1,1,1,2,1,1,1,2,1,1,1,2,1,2,1,1,2,1,1,2,2,2,2,2,1,2,2,1,2,1,1,1,1,2,1,1,2,2,1,1
MK0285,1,285,2,2,1,1,2,2,1,2,1,1,2,1,2,2,2,1,1,2,1,2,2,1,1,2,1,2,2,1,1,2,1,1,2,1,2,2,2,2,1,2,2,2,1,2,2,2,1,1,1,1,2,2,1,1,1,2,2,1,1,1,1,1,1,2,2,2,1,1,2,2,2,1,2,2,1,2,2,1,2,2,1,1,1,1,1,1,1,2,1,2,2,2,1,2,1,2,1,2,2,2,1,2,2,2,2,1,1,1,1,1,2,1,1,1,1,2,2,2,1,1,1,1,2,1,2,2,2,1,2,2,2,2,2,2,2,1,2,2,1,1,2,1,1,2,2,1,2,2,2,1,1,1,2,1,2,1,1,2,2,2,1,1,1,2,1,1,1,2,1,1,1,2,1,2,1,1,2,1,1,2,2,2,2,2,2,2,2,1,2,1,1,1,1,2,1,1,2,2,1,1
MK0287,1,287,2,2,1,1,2,2,1,2,1,1,2,1,1,2,2,1,1,2,1,2,2,1,1,2,1,2,2,1,1,2,1,1,2,1,2,2,2,2,1,2,2,2,1,2,2,2,1,1,1,1,2,2,1,1,1,2,2,1,1,1,1,1,1,2,2,2,1,1,2,2,2,1,2,1,1,2,2,1,2,2,1,1,1,1,1,1,1,2,1,2,2,2,1,2,1,2,1,2,2,2,1,2,2,2,1,1,1,1,1,1,2,1,1,1,1,2,2,2,1,1,2,1,2,1,2,2,2,1,2,2,1,2,2,2,2,1,2,2,1,1,2,1,1,2,2,1,2,2,2,1,1,1,2,1,2,1,1,2,2,2,1,1,1,2,1,1,1,2,1,1,1,2,1,2,1,2,2,1,1,2,2,2,2,2,2,2,2,1,2,1,1,2,1,2,1,1,2,2,1,1
MK0289,1,289,2,2,1,1,2,2,1,2,1,1,2,1,1,2,2,1,1,2,1,2,2,1,1,1,1,2,2,1,1,2,1,1,2,1,2,2,2,2,1,2,2,2,1,2,2,2,1,1,1,1,2,2,1,1,1,2,2,1,1,1,1,1,1,2,2,2,1,1,2,2,2,1,2,2,1,2,2,1,2,2,1,1,1,1,1,1,1,2,1,2,2,2,1,2,1,2,1,2,2,2,1,2,2,2,1,1,1,2,1,1,2,1,1,1,1,2,2,2,2,1,2,1,2,1,2,2,2,1,2,2,1,2,2,2,2,1,2,2,1,1,2,1,1,2,2,1,2,2,2,1,1,1,2,1,2,1,1,2,2,2,1,1,1,2,1,1,1,2,1,1,1,2,1,2,2,2,2,1,1,2,2,2,2,2,2,2,2,1,2,1,1,2,1,2,1,1,2,2,1,1
MK0290,1,290,2,1,1,1,2,2,1,2,1,1,2,1,1,2,2,1,1,1,1,2,2,1,1,1,1,2,2,1,1,2,1,1,2,1,2,2,2,2,1,2,2,2,1,2,2,2,1,1,1,2,2,2,1,1,1,2,2,1,1,1,1,1,1,2,2,2,1,1,2,2,2,1,2,2,1,2,2,1,2,2,1,1,1,1,1,1,1,2,1,2,2,2,1,2,2,2,1,2,2,2,1,2,2,2,1,1,1,2,1,1,2,1,1,1,1,2,2,2,2,1,2,1,2,1,2,2,2,1,2,2,1,2,2,2,2,1,2,2,1,1,2,1,1,2,2,1,2,2,2,1,1,1,2,1,2,1,1,2,2,2,1,1,1,2,1,1,1,2,1,1,1,2,1,2,1,2,2,1,1,2,2,2,2,2,2,2,2,1,1,1,1,2,1,2,1,1,2,2,1,1
MK0291,1,291,2,1,1,1,2,2,1,2,1,1,2,1,1,2,2,1,1,1,1,2,2,1,1,1,1,2,2,1,1,2,1,1,2,1,2,2,2,2,1,2,2,2,1,2,2,2,1,1,1,2,2,2,1,1,1,2,2,1,1,1,1,1,1,2,2,2,1,1,2,2,2,1,2,2,1,2,2,1,2,2,1,1,1,1,1,1,1,2,1,2,2,2,1,2,2,2,1,2,2,1,1,2,2,2,1,1,1,2,1,1,2,1,1,1,1,2,2,2,2,1,2,1,2,1,2,2,2,1,2,2,2,2,1,2,2,1,2,2,1,1,2,1,2,2,2,1,2,2,2,1,1,1,2,1,2,1,1,2,2,2,1,1,1,2,1,1,1,2,1,2,1,2,1,1,1,2,1,1,1,2,2,2,2,2,2,2,2,1,1,1,1,2,1,2,1,1,2,2,1,1
MK0292,1,292,2,1,1,1,2,2,1,2,1,1,2,1,1,2,2,1,1,1,1,2,2,1,1,1,1,1,2,1,1,2,1,1,2,1,2,2,2,2,1,2,2,2,1,2,2,2,1,1,1,2,2,2,1,1,1,2,2,1,1,1,1,1,1,2,2,2,1,1,2,2,2,1,2,2,1,2,2,1,2,2,1,1,1,1,1,1,1,2,1,2,2,2,1,2,2,2,1,2,2,1,1,2,2,2,1,1,1,2,1,1,2,1,1,1,1,2,2,2,2,1,2,1,2,1,2,2,2,1,2,2,2,2,1,2,2,1,2,2,1,1,2,1,2,2,2,1,2,2,2,1,1,1,2,1,2,1,1,2,2,2,1,1,1,2,1,1,1,2,1,2,1,2,1,2,1,2,1,1,1,2,2,2,2,2,2,2,2,1,1,1,1,2,1,2,1,1,2,2,1,1
MK0293,1,293,2,1,1,1,2,2,1,2,1,1,2,1,1,2,2,2,1,1,1,2,2,2,1,1,1,1,2,1,1,2,1,1,2,1,1,2,2,2,2,1,2,2,1,2,2,2,1,1,1,2,2,2,1,1,1,2,2,1,1,1,1,1,1,2,2,2,1,1,2,2,2,1,2,2,1,2,2,1,2,2,1,1,1,1,1,1,1,2,1,2,2,2,1,2,2,1,1,2,2,1,1,2,2,2,1,1,1,2,2,1,2,1,1,1,1,2,2,2,2,1,2,1,2,1,2,2,2,1,2,2,2,2,1,2,2,1,2,2,1,1,2,1,2,2,2,1,2,2,2,1,1,1,2,1,2,1,1,2,2,2,2,1,1,2,1,2,1,2,1,2,1,2,1,2,1,2,1,1,2,2,2,2,2,2,2,2,2,1,1,1,1,2,1,2,1,1,2,2,1,1
MK0294,1,294,2,1,1,1,2,2,1,2,1,1,2,1,1,1,2,2,1,1,1,2,2,2,2,1,1,1,2,1,1,2,1,1,2,1,1,2,2,2,2,1,2,2,1,2,2,2,2,1,1,2,2,2,1,1,1,2,2,1,1,1,1,1,1,2,2,2,1,1,2,2,2,1,2,2,1,2,2,1,2,2,1,1,1,1,1,1,1,2,1,2,2,2,1,2,1,1,1,2,2,1,1,2,2,2,1,1,1,2,2,1,2,1,1,1,1,2,2,2,2,1,2,1,2,1,2,2,2,1,2,2,2,2,1,2,2,2,2,2,1,1,2,1,2,2,2,1,2,2,2,1,1,1,2,1,2,1,1,2,2,2,2,1,1,2,1,2,1,2,1,2,1,2,1,2,1,2,1,1,2,2,2,2,2,2,2,2,2,1,1,1,1,2,1,2,1,1,2,2,1,1
MK0295,1,295,2,1,1,1,2,2,1,2,1,2,2,1,1,1,2,2,1,1,1,2,2,2,2,1,1,1,2,1,1,2,1,1,2,1,1,2,2,2,2,1,2,2,2,2,2,2,2,1,1,2,2,2,1,1,1,2,2,1,1,1,1,1,1,2,2,2,1,1,2,2,2,1,2,1,1,2,2,1,2,2,1,1,1,1,1,1,1,2,1,2,2,2,1,2,1,1,1,2,2,1,1,2,2,2,1,1,1,2,2,1,2,1,1,1,1,2,2,2,2,1,2,1,2,1,2,2,2,1,2,2,2,2,1,2,1,2,2,2,1,1,2,1,2,2,2,1,2,2,2,1,1,1,2,1,2,1,1,2,2,2,2,1,1,2,1,2,1,2,1,2,1,2,1,2,1,2,1,1,2,2,2,2,2,2,2,2,2,1,1,1,1,2,1,2,1,1,2,2,1,1
MK0297,1,297,2,1,1,1,2,2,1,2,1,2,2,1,1,1,2,2,1,1,1,2,2,2,2,1,1,1,2,1,1,2,1,1,2,1,1,2,2,2,2,1,2,2,2,2,2,2,2,1,1,2,2,2,1,1,1,2,2,1,1,1,1,1,1,2,2,2,1,1,2,2,2,1,2,1,1,2,2,1,2,2,1,1,1,1,1,1,1,2,1,2,2,2,1,2,1,1,1,2,2,1,1,2,2,2,1,1,1,2,2,1,2,1,1,1,1,2,2,2,2,1,2,1,2,1,2,2,2,1,2,2,2,2,1,2,1,2,2,2,1,1,2,1,2,2,2,1,2,2,2,1,1,1,2,1,2,1,1,2,2,2,2,1,1,2,1,2,1,2,1,2,1,2,1,2,1,2,1,1,2,2,2,2,2,2,2,2,2,1,1,1,1,2,1,2,1,1,2,2,1,1
MK0298,1,298,2,1,1,1,2,2,1,2,1,2,2,1,1,1,2,2,1,1,1,2,2,2,2,1,1,1,2,1,1,2,1,1,2,1,1,2,2,2,2,1,2,2,2,2,2,2,2,1,1,2,2,2,1,1,1,2,2,1,1,1,1,1,1,2,2,2,2,1,2,2,2,1,2,1,1,2,2,1,2,2,1,2,1,1,1,1,1,2,1,2,2,2,1,2,1,1,1,2,2,1,1,2,2,2,1,1,1,2,2,1,2,1,1,1,1,2,2,2,2,1,2,1,2,1,2,2,2,1,2,2,2,2,1,2,1,2,1,2,1,1,2,1,2,2,2,1,2,2,2,1,1,1,2,1,2,1,1,2,2,2,2,1,1,2,1,2,1,2,1,2,1,2,1,2,1,2,1,1,2,2,2,2,2,2,2,2,2,1,1,1,1,2,1,2,1,1,2,2,1,1
MK0299,1,299,2,1,1,1,2,2,1,1,1,2,2,1,1,1,2,2,1,1,1,2,2,2,2,1,1,1,2,1,1,2,1,1,2,1,1,2,2,2,2,1,2,2,2,2,2,2,2,1,1,2,2,2,1,1,1,2,2,1,1,1,1,1,2,2,2,2,2,1,2,2,2,1,2,1,1,2,2,1,2,2,1,2,1,1,1,1,1,2,1,2,2,2,1,2,1,1,1,2,2,1,1,2,2,2,1,1,1,2,2,1,2,1,1,1,1,2,2,2,2,1,2,1,2,1,2,2,2,1,2,2,2,2,1,2,1,2,1,2,1,1,2,1,2,2,2,1,2,2,2,1,1,1,2,1,2,1,1,2,2,2,2,1,1,2,1,2,1,2,1,2,1,2,1,2,1,2,1,1,2,2,2,2,2,2,2,2,2,1,1,1,1,2,1,2,1,1,2,2,1,1
