line,y,pop
ind1,1.0824385,1
ind2,0.3220385,1
ind3,-1.0706615,1
ind4,4.5809385,1
ind5,0.422838499999999,1
ind6,1.7880385,1
ind7,0.197138499999999,1
ind8,0.5970385,1
ind9,-1.5494615,1
ind10,1.0006385,1
ind11,-0.1307615,1
ind12,-1.2488615,1
ind13,-1.5724615,1
ind14,-1.4023615,1
ind15,0.4462385,1
ind16,0.4844385,1
ind17,-1.1480615,1
ind18,-1.6727615,1
ind19,-2.2481615,1
ind20,-2.4529615,1
ind21,-0.7390615,1
ind22,-0.382561500000001,1
ind23,0.461238499999999,1
ind24,1.2571385,1
ind25,0.197538499999999,1
ind26,1.5466385,1
ind27,0.066238499999999,1
ind28,0.207038499999999,1
ind29,-0.462561500000001,1
ind30,0.383138499999999,1
ind31,1.7855385,1
ind32,-3.5096615,1
ind33,0.492438499999999,1
ind34,-0.0268615000000008,1
ind35,0.2145385,1
ind36,1.2613385,1
ind37,-0.6108615,1
ind38,-0.944261500000001,1
ind39,-1.0200615,1
ind40,1.7449385,1
ind41,0.208238499999998,1
ind42,1.3943385,1
ind43,-1.9924615,1
ind44,0.8128385,1
ind45,-0.207261500000001,1
ind46,2.0236385,1
ind47,0.438738499999999,1
ind48,1.2666385,1
ind49,-0.929161500000001,1
ind50,2.1412385,1
ind51,-0.133261500000001,1
ind52,0.983138499999999,1
ind53,0.4257385,1
ind54,0.707838499999999,1
ind55,2.6108385,1
ind56,1.3420385,1
ind57,-1.8682615,1
ind58,-0.230761500000002,1
ind59,-0.9111615,1
ind60,-0.9951615,1
ind61,0.767238499999999,1
ind62,0.2906385,1
ind63,-0.111461500000001,1
ind64,-0.109861500000001,1
ind65,1.2100385,1
ind66,0.2038385,1
ind67,-1.6106615,1
ind68,1.7016385,1
ind69,0.5772385,1
ind70,-1.1764615,1
ind71,1.4724385,1
ind72,0.767338499999999,1
ind73,-0.00176150000000064,1
ind74,0.161638499999999,1
ind75,-0.9806615,1
ind76,1.2472385,1
ind77,-1.7045615,1
ind78,-3.3954615,1
ind79,0.265438499999998,1
ind80,1.2026385,1
ind81,-0.6254615,1
ind82,0.651738499999999,1
ind83,1.1273385,1
ind84,-2.0840615,1
ind85,-1.0162615,1
ind86,0.592038499999999,1
ind87,-1.7430615,1
ind88,1.0875385,1
ind89,2.5971385,1
ind90,-1.8987615,1
ind91,2.1225385,1
ind92,-0.1071615,1
ind93,3.1279385,1
ind94,1.2622385,1
ind95,-1.0905615,1
ind96,-1.1807615,1
ind97,1.2871385,1
ind98,-2.1616615,1
ind99,1.2146385,1
ind100,-2.6240615,1
ind101,-1.0159615,1
ind102,-1.7909615,1
ind103,-2.3762615,1
ind104,-2.0387615,1
ind105,-1.7731615,1
ind106,1.2327385,1
ind107,1.5622385,1
ind108,2.0457385,1
ind109,-0.672261500000001,1
ind110,-0.630461500000001,1
ind111,-1.8445615,1
ind112,-3.7843615,1
ind113,2.3177385,1
ind114,0.2327385,1
ind115,1.9489385,1
ind116,3.3196385,1
ind117,-1.7293615,1
ind118,-0.6558615,1
ind119,-0.1329615,1
ind120,-0.8090615,1
ind121,1.7647385,1
ind122,1.7151385,1
ind123,-0.137761500000002,1
ind124,-0.9911615,1
ind125,0.8554385,1
ind126,-0.0283615000000008,1
ind127,0.738638499999999,1
ind128,2.4880385,1
ind129,1.0635385,1
ind130,2.1513385,1
ind131,-2.1407615,1
ind132,-1.6135615,1
ind133,-0.2511615,1
ind134,-1.8123615,1
ind135,2.1035385,1
ind136,-1.2613615,1
ind137,-0.252261500000001,1
ind138,0.198338499999998,1
ind139,1.2381385,1
ind140,-2.4001615,1
ind141,-0.7588615,1
ind142,0.314538499999999,1
ind143,0.263538499999999,1
ind144,1.6722385,1
ind145,-0.323261500000001,1
ind146,1.4128385,1
ind147,0.165938499999999,1
ind148,-1.0006615,1
ind149,-0.164461500000002,1
ind150,-0.9645615,1
ind151,1.3521385,1
ind152,0.575638499999998,1
ind153,-1.1381615,1
ind154,-0.0741615000000007,1
ind155,-2.3044615,1
ind156,-0.691861500000002,1
ind157,-0.0180615000000017,1
ind158,-0.5971615,1
ind159,-0.835961500000002,1
ind160,-1.2954615,1
ind161,-1.1458615,1
ind162,2.6420385,1
ind163,2.3478385,1
ind164,1.1808385,1
ind165,2.3385385,1
ind166,0.3326385,1
ind167,1.6855385,1
ind168,0.108438499999998,1
ind169,-2.6979615,1
ind170,-1.9143615,1
ind171,-1.5148615,1
ind172,-0.671661500000001,1
ind173,-1.4277615,1
ind174,1.1136385,1
ind175,-0.664761500000001,1
ind176,-2.0300615,1
ind177,1.6413385,1
ind178,1.2827385,1
ind179,0.1070385,1
ind180,0.951838499999999,1
ind181,-3.3270615,1
ind182,0.570338499999998,1
ind183,-0.345961500000001,1
ind184,-0.447961500000002,1
ind185,0.888038499999999,1
ind186,0.697138499999999,1
ind187,-0.384061500000001,1
ind188,0.262238499999999,1
ind189,1.1239385,1
ind190,-0.761661500000001,1
ind191,-0.206461500000001,1
ind192,0.304138499999999,1
ind193,1.9792385,1
ind194,-0.805661500000001,1
ind195,-1.1825615,1
ind196,-1.2261615,1
ind197,0.392738499999998,1
ind198,-0.121061500000001,1
ind199,-0.476361500000001,1
ind200,0.228638499999999,1
ind201,-1.225437,2
ind202,-0.0873369999999998,2
ind203,0.686363,2
ind204,1.904763,2
ind205,0.130763,2
ind206,-0.277637,2
ind207,1.264863,2
ind208,1.126263,2
ind209,-1.161837,2
ind210,0.306263,2
ind211,-0.579837000000001,2
ind212,0.062163,2
ind213,0.873163,2
ind214,-2.257037,2
ind215,1.743163,2
ind216,1.275463,2
ind217,-2.587137,2
ind218,1.236763,2
ind219,-0.699537000000001,2
ind220,2.176863,2
ind221,0.711463,2
ind222,-1.353937,2
ind223,2.969663,2
ind224,-3.882337,2
ind225,1.378163,2
ind226,0.328462999999999,2
ind227,-1.180937,2
ind228,2.402263,2
ind229,0.369963,2
ind230,0.323663,2
ind231,-2.647037,2
ind232,-1.283437,2
ind233,-3.803737,2
ind234,1.815863,2
ind235,0.573563,2
ind236,2.994663,2
ind237,1.062763,2
ind238,-3.297137,2
ind239,-3.232037,2
ind240,2.805863,2
ind241,0.438162999999999,2
ind242,-0.326837000000001,2
ind243,-0.957937000000001,2
ind244,-0.456337,2
ind245,1.474363,2
ind246,-2.208937,2
ind247,-2.279037,2
ind248,-2.783837,2
ind249,-1.796137,2
ind250,1.125263,2
ind251,0.155263,2
ind252,0.434163,2
ind253,-0.671637,2
ind254,0.853662999999999,2
ind255,0.415863,2
ind256,-0.0302369999999996,2
ind257,1.373763,2
ind258,-0.803137,2
ind259,-0.175037,2
ind260,1.351463,2
ind261,-1.037737,2
ind262,1.546363,2
ind263,0.107562999999999,2
ind264,0.688362999999999,2
ind265,3.704663,2
ind266,-0.762737,2
ind267,-0.524537,2
ind268,0.231862999999999,2
ind269,0.229763,2
ind270,0.977363,2
ind271,2.216763,2
ind272,-3.010437,2
ind273,-0.104737,2
ind274,0.675663,2
ind275,-1.237237,2
ind276,0.977162999999999,2
ind277,-0.297237000000001,2
ind278,0.133963,2
ind279,-0.575637,2
ind280,-1.486637,2
ind281,-1.900337,2
ind282,-1.763837,2
ind283,2.093163,2
ind284,3.092963,2
ind285,1.340463,2
ind286,-0.210137,2
ind287,-1.815437,2
ind288,-2.837837,2
ind289,1.700763,2
ind290,-3.057937,2
ind291,3.261863,2
ind292,2.227463,2
ind293,1.955663,2
ind294,0.246362999999999,2
ind295,1.509863,2
ind296,0.572763,2
ind297,-0.614037,2
ind298,-0.155537000000001,2
ind299,-2.321337,2
ind300,1.385563,2
ind301,1.701263,2
ind302,0.662262999999999,2
ind303,1.416563,2
ind304,0.271863,2
ind305,0.851063,2
ind306,-1.331437,2
ind307,1.691963,2
ind308,2.716963,2
ind309,1.335563,2
ind310,0.791862999999999,2
ind311,-2.380837,2
ind312,-0.789137,2
ind313,-1.829837,2
ind314,0.989962999999999,2
ind315,-2.033637,2
ind316,-0.871337,2
ind317,0.619863,2
ind318,0.203763,2
ind319,-2.066637,2
ind320,-0.269237,2
ind321,0.361962999999999,2
ind322,2.168663,2
ind323,0.188162999999999,2
ind324,2.400563,2
ind325,-2.025237,2
ind326,0.260662999999999,2
ind327,0.0782629999999997,2
ind328,-0.864237000000001,2
ind329,-1.317137,2
ind330,1.434463,2
ind331,1.310763,2
ind332,0.928063,2
ind333,-1.060537,2
ind334,-0.598737,2
ind335,0.442762999999999,2
ind336,1.860863,2
ind337,0.493563,2
ind338,-1.577737,2
ind339,2.058063,2
ind340,-2.919437,2
ind341,0.714763,2
ind342,0.906063,2
ind343,-0.534837,2
ind344,1.259563,2
ind345,1.998163,2
ind346,1.093963,2
ind347,-3.222037,2
ind348,1.408963,2
ind349,-0.367337000000001,2
ind350,-1.484137,2
ind351,-2.689337,2
ind352,-0.570937000000001,2
ind353,-2.072337,2
ind354,-0.354537000000001,2
ind355,3.355063,2
ind356,-1.463237,2
ind357,-1.198837,2
ind358,0.623263,2
ind359,1.203763,2
ind360,0.0419629999999991,2
ind361,0.480262999999999,2
ind362,-1.602537,2
ind363,-0.125137,2
ind364,-2.532037,2
ind365,-1.917037,2
ind366,-0.186237,2
ind367,-0.783037,2
ind368,-2.051637,2
ind369,0.700763,2
ind370,0.278763,2
ind371,2.011163,2
ind372,-1.169437,2
ind373,1.571463,2
ind374,-0.507237,2
ind375,2.399363,2
ind376,-0.422037,2
ind377,-0.401337,2
ind378,1.436663,2
ind379,0.369163,2
ind380,1.381963,2
ind381,-0.921437000000001,2
ind382,0.929862999999999,2
ind383,1.856163,2
ind384,0.809263,2
ind385,-2.007537,2
ind386,-2.172937,2
ind387,-0.681837,2
ind388,-1.131037,2
ind389,-0.280437000000001,2
ind390,-0.921937,2
ind391,0.941863,2
ind392,-1.659037,2
ind393,0.617262999999999,2
ind394,-1.086737,2
ind395,0.698062999999999,2
ind396,0.237363,2
ind397,-0.457937000000001,2
ind398,0.616463,2
ind399,0.724463,2
ind400,-2.257037,2
ind401,0.119695999999999,3
ind402,1.667996,3
ind403,-1.050404,3
ind404,0.348495999999999,3
ind405,1.121696,3
ind406,0.173395999999999,3
ind407,-1.602404,3
ind408,-1.424704,3
ind409,1.212296,3
ind410,-0.271704000000001,3
ind411,-1.680804,3
ind412,-0.936304000000002,3
ind413,-0.651104,3
ind414,1.569596,3
ind415,-1.285504,3
ind416,2.414596,3
ind417,1.549296,3
ind418,-0.497604000000001,3
ind419,1.912896,3
ind420,-0.571404000000001,3
ind421,-0.706604,3
ind422,-2.118104,3
ind423,2.917496,3
ind424,1.532096,3
ind425,-0.757204000000002,3
ind426,0.919595999999999,3
ind427,-0.198104000000001,3
ind428,0.575595999999999,3
ind429,-0.184604,3
ind430,2.810496,3
ind431,0.00829599999999964,3
ind432,0.0106959999999994,3
ind433,-0.300604000000002,3
ind434,0.0911960000000001,3
ind435,1.044696,3
ind436,1.162096,3
ind437,-1.783904,3
ind438,-1.077004,3
ind439,-0.942904,3
ind440,1.604796,3
ind441,1.077996,3
ind442,1.428496,3
ind443,-2.110304,3
ind444,-1.000904,3
ind445,1.312796,3
ind446,0.755395999999999,3
ind447,-0.00660400000000116,3
ind448,-1.643904,3
ind449,1.216296,3
ind450,-0.0920040000000011,3
ind451,-0.899204000000001,3
ind452,-1.901004,3
ind453,-2.327804,3
ind454,1.164196,3
ind455,1.081196,3
ind456,1.915496,3
ind457,-1.770904,3
ind458,1.653096,3
ind459,-0.174004,3
ind460,-0.681804000000001,3
ind461,1.038796,3
ind462,0.0468959999999985,3
ind463,-2.445004,3
ind464,0.230495999999999,3
ind465,-0.434504,3
ind466,-1.418604,3
ind467,-0.365804000000001,3
ind468,0.695095999999999,3
ind469,-0.00820400000000099,3
ind470,-0.522904,3
ind471,0.517195999999998,3
ind472,1.502396,3
ind473,-2.906204,3
ind474,-2.830304,3
ind475,-1.404404,3
ind476,-0.721404000000001,3
ind477,-2.781904,3
ind478,2.295796,3
ind479,-1.686504,3
ind480,0.605995999999999,3
ind481,-0.454504,3
ind482,0.997195999999999,3
ind483,0.829896,3
ind484,2.685096,3
ind485,0.834496,3
ind486,1.061996,3
ind487,1.830796,3
ind488,0.176495999999998,3
ind489,2.132596,3
ind490,-1.417504,3
ind491,-2.819404,3
ind492,0.0163959999999985,3
ind493,0.713495999999999,3
ind494,0.946596,3
ind495,1.860196,3
ind496,0.752896,3
ind497,0.864495999999999,3
ind498,-1.820304,3
ind499,-0.0351040000000005,3
ind500,-1.482804,3
ind501,-0.850404000000001,3
ind502,0.124995999999999,3
ind503,-0.611004000000001,3
ind504,-1.736904,3
ind505,1.644796,3
ind506,-1.727804,3
ind507,-1.777104,3
ind508,-1.732204,3
ind509,-2.988004,3
ind510,-0.453504000000001,3
ind511,0.971596,3
ind512,-0.681804000000001,3
ind513,2.682596,3
ind514,0.744395999999998,3
ind515,-0.201104000000001,3
ind516,0.317295999999999,3
ind517,2.150396,3
ind518,0.307595999999998,3
ind519,-0.158404000000001,3
ind520,0.0860959999999995,3
ind521,-0.590704000000001,3
ind522,2.346696,3
ind523,0.173895999999999,3
ind524,-0.785104,3
ind525,3.698596,3
ind526,-1.561504,3
ind527,-2.122604,3
ind528,-0.405804000000002,3
ind529,-0.547104000000001,3
ind530,-3.804904,3
ind531,2.448296,3
ind532,2.335296,3
ind533,-1.019604,3
ind534,-0.698004000000001,3
ind535,0.757496,3
ind536,0.796396,3
ind537,2.735896,3
ind538,-2.579304,3
ind539,-0.312904000000001,3
ind540,-0.366004,3
ind541,-0.130304000000001,3
ind542,1.750096,3
ind543,0.331795999999999,3
ind544,1.153896,3
ind545,0.363995999999998,3
ind546,-0.673004000000001,3
ind547,1.247696,3
ind548,-3.876104,3
ind549,1.736996,3
ind550,2.528396,3
ind551,0.297695999999998,3
ind552,2.018796,3
ind553,-2.180704,3
ind554,0.405996,3
ind555,-1.766504,3
ind556,-4.240204,3
ind557,-1.766804,3
ind558,1.928096,3
ind559,0.729695999999999,3
ind560,-0.182704000000001,3
ind561,0.450196,3
ind562,-2.026904,3
ind563,-0.00890400000000113,3
ind564,-1.937404,3
ind565,1.118296,3
ind566,1.598196,3
ind567,2.331996,3
ind568,0.296095999999999,3
ind569,0.0381959999999992,3
ind570,-0.762204000000001,3
ind571,-1.310304,3
ind572,2.953996,3
ind573,0.361896,3
ind574,1.239196,3
ind575,1.066496,3
ind576,0.681196,3
ind577,1.537196,3
ind578,-0.220304,3
ind579,-2.136204,3
ind580,-0.194904000000001,3
ind581,3.542696,3
ind582,0.511296,3
ind583,-0.774904000000001,3
ind584,2.672796,3
ind585,-1.175004,3
ind586,-1.392304,3
ind587,0.553096,3
ind588,-1.837504,3
ind589,-0.287104000000001,3
ind590,1.618596,3
ind591,-0.717404,3
ind592,0.825296,3
ind593,1.604696,3
ind594,-1.040404,3
ind595,-1.180204,3
ind596,0.685495999999999,3
ind597,-3.592604,3
ind598,-2.435604,3
ind599,-1.813404,3
ind600,0.0667959999999983,3
ind601,-0.918139,4
ind602,-1.052439,4
ind603,1.908361,4
ind604,-0.406438999999999,4
ind605,-0.659939,4
ind606,3.147361,4
ind607,-2.365639,4
ind608,-0.817038999999999,4
ind609,3.052161,4
ind610,-5.172439,4
ind611,-1.769739,4
ind612,1.111161,4
ind613,-0.694239,4
ind614,-0.594038999999999,4
ind615,0.293861000000001,4
ind616,-0.353838999999999,4
ind617,-1.843339,4
ind618,-1.529539,4
ind619,-1.454139,4
ind620,-0.645239,4
ind621,2.843361,4
ind622,-1.480039,4
ind623,0.948961000000001,4
ind624,-2.473939,4
ind625,1.080561,4
ind626,0.939061000000001,4
ind627,-0.269238999999999,4
ind628,-1.614539,4
ind629,0.439561000000001,4
ind630,1.241961,4
ind631,-0.794639,4
ind632,1.390261,4
ind633,-0.779138999999999,4
ind634,-2.437239,4
ind635,0.976661,4
ind636,2.175861,4
ind637,1.464661,4
ind638,0.351261000000001,4
ind639,-1.076239,4
ind640,-2.726439,4
ind641,-0.482438999999999,4
ind642,4.067361,4
ind643,-2.461639,4
ind644,-0.0497389999999989,4
ind645,-1.063139,4
ind646,-0.834638999999999,4
ind647,0.648661000000001,4
ind648,-0.995139,4
ind649,-0.464039,4
ind650,1.453961,4
ind651,1.292661,4
ind652,1.481161,4
ind653,-0.793339,4
ind654,2.540461,4
ind655,1.092561,4
ind656,-0.915939,4
ind657,1.794861,4
ind658,1.694961,4
ind659,2.096661,4
ind660,-1.184139,4
ind661,-1.878639,4
ind662,-1.952139,4
ind663,0.235761,4
ind664,0.114261000000001,4
ind665,-1.820839,4
ind666,1.936661,4
ind667,-0.394938999999999,4
ind668,-0.795038999999999,4
ind669,-1.466339,4
ind670,0.702961,4
ind671,-1.459739,4
ind672,2.022961,4
ind673,3.553061,4
ind674,2.358261,4
ind675,-1.087239,4
ind676,-1.144939,4
ind677,0.669061000000001,4
ind678,1.181561,4
ind679,-1.307539,4
ind680,2.523661,4
ind681,-0.991938999999999,4
ind682,2.201461,4
ind683,2.031561,4
ind684,1.155161,4
ind685,-5.115039,4
ind686,-3.966339,4
ind687,4.909361,4
ind688,2.084761,4
ind689,-0.502538999999999,4
ind690,-0.611438999999999,4
ind691,-0.521438999999999,4
ind692,1.590061,4
ind693,0.205561000000001,4
ind694,1.058161,4
ind695,-0.818838999999999,4
ind696,0.235361000000001,4
ind697,-0.353738999999999,4
ind698,1.708361,4
ind699,0.903561,4
ind700,4.431461,4
ind701,-0.140639,4
ind702,-0.0840389999999989,4
ind703,1.891361,4
ind704,-0.747638999999999,4
ind705,1.839361,4
ind706,1.717461,4
ind707,1.208961,4
ind708,-1.245339,4
ind709,0.340161,4
ind710,-3.463139,4
ind711,1.782461,4
ind712,-1.472739,4
ind713,-2.785639,4
ind714,3.362061,4
ind715,2.599661,4
ind716,0.440261000000001,4
ind717,0.724761000000001,4
ind718,-2.355939,4
ind719,-1.236439,4
ind720,-1.265939,4
ind721,-0.850038999999999,4
ind722,-1.888639,4
ind723,3.276261,4
ind724,4.625761,4
ind725,-0.231938999999999,4
ind726,-3.273939,4
ind727,-3.622839,4
ind728,-2.184439,4
ind729,-1.057939,4
ind730,0.814461000000001,4
ind731,0.637661000000001,4
ind732,2.540261,4
ind733,-1.722439,4
ind734,-4.508539,4
ind735,-0.400739,4
ind736,-1.616839,4
ind737,1.540761,4
ind738,-2.203139,4
ind739,1.013261,4
ind740,0.0765609999999999,4
ind741,-1.208639,4
ind742,-0.984338999999999,4
ind743,-1.060039,4
ind744,-1.444839,4
ind745,1.770461,4
ind746,1.738361,4
ind747,-0.0795389999999987,4
ind748,1.536961,4
ind749,-0.944538999999999,4
ind750,-1.993939,4
ind751,0.465261,4
ind752,-0.199539,4
ind753,3.024661,4
ind754,0.383561,4
ind755,0.707261000000001,4
ind756,1.675061,4
ind757,1.038461,4
ind758,-2.558739,4
ind759,2.194461,4
ind760,1.011861,4
ind761,-1.641139,4
ind762,0.391761000000001,4
ind763,0.400661000000001,4
ind764,0.867861000000001,4
ind765,-2.910439,4
ind766,-1.974739,4
ind767,-1.667739,4
ind768,-1.838039,4
ind769,2.818761,4
ind770,-3.449939,4
ind771,-1.667439,4
ind772,-0.948839,4
ind773,2.338161,4
ind774,1.853861,4
ind775,0.814961,4
ind776,0.632761,4
ind777,1.518261,4
ind778,-1.985839,4
ind779,0.401561000000001,4
ind780,0.216861,4
ind781,2.075261,4
ind782,3.583361,4
ind783,-0.346639,4
ind784,-2.933239,4
ind785,-1.632439,4
ind786,1.267061,4
ind787,-1.760039,4
ind788,-0.350038999999999,4
ind789,-1.453739,4
ind790,0.440861,4
ind791,0.928961000000001,4
ind792,0.0479610000000008,4
ind793,1.302661,4
ind794,-2.272139,4
ind795,0.498261000000001,4
ind796,-1.817539,4
ind797,-0.360538999999999,4
ind798,0.135861,4
ind799,1.893161,4
ind800,-0.544039,4
ind801,5.589955,5
ind802,1.557055,5
ind803,0.228855000000001,5
ind804,2.065055,5
ind805,1.268955,5
ind806,2.968655,5
ind807,1.594855,5
ind808,4.114555,5
ind809,-0.871445,5
ind810,-1.081945,5
ind811,1.384155,5
ind812,-2.290545,5
ind813,-0.605845,5
ind814,-1.279845,5
ind815,-1.598345,5
ind816,-0.460645,5
ind817,0.917355000000001,5
ind818,1.310855,5
ind819,-1.158445,5
ind820,1.022355,5
ind821,2.151655,5
ind822,-1.935945,5
ind823,3.329755,5
ind824,-1.053045,5
ind825,-0.985244999999999,5
ind826,1.921555,5
ind827,2.052755,5
ind828,1.453255,5
ind829,0.104755000000001,5
ind830,-1.308845,5
ind831,-2.881745,5
ind832,-0.452544999999999,5
ind833,-1.235645,5
ind834,0.200755000000001,5
ind835,1.879155,5
ind836,0.890955,5
ind837,-0.128245,5
ind838,-1.834145,5
ind839,1.655855,5
ind840,-0.676245,5
ind841,-2.234645,5
ind842,0.519855,5
ind843,-2.006045,5
ind844,-1.976245,5
ind845,3.620255,5
ind846,2.006155,5
ind847,0.765755,5
ind848,3.344755,5
ind849,-3.121545,5
ind850,-1.307445,5
ind851,0.455055,5
ind852,-1.703445,5
ind853,0.489955,5
ind854,1.382255,5
ind855,-1.172445,5
ind856,1.967355,5
ind857,-1.301345,5
ind858,-0.375045,5
ind859,-1.164145,5
ind860,0.865055,5
ind861,-3.108945,5
ind862,-0.224145,5
ind863,2.568555,5
ind864,-0.948245,5
ind865,1.956855,5
ind866,0.554355000000001,5
ind867,1.395755,5
ind868,-0.0509450000000005,5
ind869,2.959455,5
ind870,-1.291445,5
ind871,0.759555000000001,5
ind872,-0.757745,5
ind873,2.309555,5
ind874,-1.042745,5
ind875,-3.652845,5
ind876,-0.498745,5
ind877,3.361255,5
ind878,-2.880245,5
ind879,-1.529045,5
ind880,1.886255,5
ind881,-3.208745,5
ind882,2.209255,5
ind883,-1.326445,5
ind884,1.090055,5
ind885,2.313855,5
ind886,-0.262145,5
ind887,-0.999744999999999,5
ind888,-1.312545,5
ind889,0.473355,5
ind890,2.379755,5
ind891,-0.633144999999999,5
ind892,-1.715745,5
ind893,0.312755000000001,5
ind894,0.214155,5
ind895,2.120855,5
ind896,0.473855,5
ind897,-0.663644999999999,5
ind898,-1.163545,5
ind899,-0.00124499999999905,5
ind900,-1.446645,5
ind901,1.815055,5
ind902,0.651355000000001,5
ind903,-1.563345,5
ind904,1.310555,5
ind905,-2.600145,5
ind906,-2.972345,5
ind907,4.990255,5
ind908,1.891355,5
ind909,-2.413645,5
ind910,-3.099845,5
ind911,-0.361345,5
ind912,-1.637545,5
ind913,-1.191645,5
ind914,-5.235245,5
ind915,3.258755,5
ind916,-4.544645,5
ind917,1.036955,5
ind918,1.307955,5
ind919,-2.587445,5
ind920,-0.109544999999999,5
ind921,1.574855,5
ind922,2.175255,5
ind923,0.0777549999999998,5
ind924,-0.0373450000000002,5
ind925,-2.334645,5
ind926,-2.580545,5
ind927,0.456355,5
ind928,-0.106145,5
ind929,0.913055,5
ind930,-0.857844999999999,5
ind931,-0.434944999999999,5
ind932,5.339855,5
ind933,2.796655,5
ind934,0.0968549999999997,5
ind935,0.952655,5
ind936,2.477355,5
ind937,0.308055,5
ind938,1.020155,5
ind939,1.370555,5
ind940,3.371455,5
ind941,0.312455,5
ind942,1.128455,5
ind943,-0.613944999999999,5
ind944,0.00655500000000053,5
ind945,0.795555,5
ind946,-2.202845,5
ind947,-1.108945,5
ind948,0.149055000000001,5
ind949,-3.856045,5
ind950,1.033455,5
ind951,2.004755,5
ind952,-0.0088449999999991,5
ind953,-0.534844999999999,5
ind954,0.140355,5
ind955,-1.439745,5
ind956,-2.144945,5
ind957,0.535455000000001,5
ind958,0.670955000000001,5
ind959,0.0666550000000008,5
ind960,-0.792244999999999,5
ind961,-4.096745,5
ind962,1.638555,5
ind963,-1.340345,5
ind964,-2.069345,5
ind965,-0.102845,5
ind966,2.862655,5
ind967,-0.717744999999999,5
ind968,-1.864745,5
ind969,0.367055000000001,5
ind970,-1.276445,5
ind971,-0.344645,5
ind972,-1.833145,5
ind973,1.391755,5
ind974,3.141155,5
ind975,4.242355,5
ind976,-0.416744999999999,5
ind977,-0.542945,5
ind978,0.436255000000001,5
ind979,-3.401845,5
ind980,-2.236845,5
ind981,0.645755000000001,5
ind982,0.390055,5
ind983,0.778455000000001,5
ind984,-2.927545,5
ind985,0.271755000000001,5
ind986,2.350655,5
ind987,-1.789645,5
ind988,-0.435145,5
ind989,-1.146745,5
ind990,-1.222145,5
ind991,-1.279445,5
ind992,-0.963245000000001,5
ind993,-0.402244999999999,5
ind994,2.379255,5
ind995,-3.368745,5
ind996,1.852855,5
ind997,1.384755,5
ind998,-1.199245,5
ind999,-1.824345,5
ind1000,-3.495945,5
ind1001,-0.638825000000001,6
ind1002,-1.611625,6
ind1003,-1.508525,6
ind1004,1.396075,6
ind1005,-0.420825000000001,6
ind1006,-0.981724999999999,6
ind1007,-0.352225000000001,6
ind1008,-1.157125,6
ind1009,2.556175,6
ind1010,2.332275,6
ind1011,-2.683625,6
ind1012,1.420475,6
ind1013,0.134475,6
ind1014,2.398375,6
ind1015,1.223175,6
ind1016,0.776775000000001,6
ind1017,-2.054625,6
ind1018,-0.586925000000001,6
ind1019,1.117675,6
ind1020,0.163975000000001,6
ind1021,-0.0661249999999995,6
ind1022,-0.499725,6
ind1023,-0.309925,6
ind1024,0.507875,6
ind1025,1.094575,6
ind1026,3.443275,6
ind1027,2.015275,6
ind1028,-0.0123250000000006,6
ind1029,-2.157425,6
ind1030,0.982075,6
ind1031,0.727575,6
ind1032,-2.136625,6
ind1033,1.963975,6
ind1034,0.643575,6
ind1035,1.155875,6
ind1036,1.404175,6
ind1037,0.446475,6
ind1038,0.223174999999999,6
ind1039,1.724375,6
ind1040,-0.326625,6
ind1041,0.577575,6
ind1042,-0.482625000000001,6
ind1043,-1.867825,6
ind1044,2.899275,6
ind1045,-2.713225,6
ind1046,3.432875,6
ind1047,0.678875,6
ind1048,-0.350925,6
ind1049,0.891775000000001,6
ind1050,2.144075,6
ind1051,-2.639725,6
ind1052,0.718674999999999,6
ind1053,0.980775,6
ind1054,-2.081125,6
ind1055,-0.651225,6
ind1056,-1.146225,6
ind1057,0.655975,6
ind1058,-0.214625,6
ind1059,2.096275,6
ind1060,0.264275,6
ind1061,0.129775,6
ind1062,1.814475,6
ind1063,1.814475,6
ind1064,-1.654225,6
ind1065,0.622275,6
ind1066,-0.963725,6
ind1067,-0.701025,6
ind1068,0.274975,6
ind1069,-2.376825,6
ind1070,0.801475,6
ind1071,0.122475,6
ind1072,-1.521525,6
ind1073,-0.750225,6
ind1074,-1.395825,6
ind1075,-0.723324999999999,6
ind1076,-1.991125,6
ind1077,-0.676525,6
ind1078,0.778475,6
ind1079,-2.026625,6
ind1080,-0.871824999999999,6
ind1081,0.396775,6
ind1082,-0.156325000000001,6
ind1083,-1.259425,6
ind1084,0.635475,6
ind1085,-1.532025,6
ind1086,1.672975,6
ind1087,0.523574999999999,6
ind1088,0.663175000000001,6
ind1089,2.793375,6
ind1090,-0.518825,6
ind1091,-1.648625,6
ind1092,1.762075,6
ind1093,-2.242225,6
ind1094,-0.624124999999999,6
ind1095,-1.820425,6
ind1096,-0.664725000000001,6
ind1097,1.078475,6
ind1098,1.133875,6
ind1099,-0.477725,6
ind1100,2.493475,6
ind1101,-0.314125000000001,6
ind1102,0.548275,6
ind1103,-0.433225,6
ind1104,0.675675,6
ind1105,0.573074999999999,6
ind1106,0.0697749999999999,6
ind1107,0.661075,6
ind1108,-1.261125,6
ind1109,-0.777925,6
ind1110,-0.397425,6
ind1111,2.753475,6
ind1112,1.876375,6
ind1113,0.312475000000001,6
ind1114,-3.757325,6
ind1115,-0.480024999999999,6
ind1116,-0.487325,6
ind1117,-2.247425,6
ind1118,2.874675,6
ind1119,-1.794425,6
ind1120,3.284475,6
ind1121,2.140975,6
ind1122,-0.264225,6
ind1123,1.394875,6
ind1124,0.503475,6
ind1125,0.129775,6
ind1126,-1.814725,6
ind1127,1.909875,6
ind1128,-1.026225,6
ind1129,1.159775,6
ind1130,-1.622125,6
ind1131,0.608074999999999,6
ind1132,-0.906924999999999,6
ind1133,3.301775,6
ind1134,0.441375000000001,6
ind1135,0.374975000000001,6
ind1136,-1.068925,6
ind1137,-1.587525,6
ind1138,-1.032225,6
ind1139,0.824075000000001,6
ind1140,2.776275,6
ind1141,0.558574999999999,6
ind1142,-1.920125,6
ind1143,0.142474999999999,6
ind1144,-0.758224999999999,6
ind1145,-1.115925,6
ind1146,0.0494749999999993,6
ind1147,-1.529925,6
ind1148,-0.954025,6
ind1149,1.640375,6
ind1150,2.237275,6
ind1151,-0.183025000000001,6
ind1152,0.789675000000001,6
ind1153,0.473274999999999,6
ind1154,2.573375,6
ind1155,0.524175,6
ind1156,-0.584025,6
ind1157,-1.536425,6
ind1158,1.003775,6
ind1159,-2.687925,6
ind1160,-2.176125,6
ind1161,-0.758625,6
ind1162,-2.125725,6
ind1163,1.339675,6
ind1164,-1.773725,6
ind1165,0.318875,6
ind1166,-0.803425000000001,6
ind1167,-2.289725,6
ind1168,-0.140924999999999,6
ind1169,-1.562825,6
ind1170,-0.0307250000000003,6
ind1171,1.115675,6
ind1172,0.376975,6
ind1173,-3.235125,6
ind1174,-0.480024999999999,6
ind1175,0.331275,6
ind1176,0.759175000000001,6
ind1177,0.106775000000001,6
ind1178,-1.409825,6
ind1179,-0.331325,6
ind1180,-1.742425,6
ind1181,0.213975,6
ind1182,-0.966424999999999,6
ind1183,-1.564425,6
ind1184,1.299375,6
ind1185,-0.479525000000001,6
ind1186,-0.328625000000001,6
ind1187,1.134375,6
ind1188,-0.0495249999999992,6
ind1189,-0.908625000000001,6
ind1190,-1.780225,6
ind1191,-0.0498250000000002,6
ind1192,0.403975000000001,6
ind1193,0.393875,6
ind1194,-1.259025,6
ind1195,-2.430025,6
ind1196,1.702775,6
ind1197,1.516575,6
ind1198,2.398575,6
ind1199,-0.947925,6
ind1200,1.114375,6
ind1201,-0.368456999999999,7
ind1202,0.412543000000001,7
ind1203,0.902043000000001,7
ind1204,-0.399156999999999,7
ind1205,0.244343000000001,7
ind1206,-3.241657,7
ind1207,1.636043,7
ind1208,-1.530257,7
ind1209,-2.436857,7
ind1210,0.491743000000001,7
ind1211,-0.359157,7
ind1212,2.347443,7
ind1213,0.287743000000001,7
ind1214,1.292843,7
ind1215,1.358943,7
ind1216,1.883143,7
ind1217,0.156443000000001,7
ind1218,-1.209357,7
ind1219,-2.118257,7
ind1220,-0.662156999999999,7
ind1221,-2.431357,7
ind1222,-0.498956999999999,7
ind1223,1.685243,7
ind1224,-4.185857,7
ind1225,-1.310857,7
ind1226,0.365043,7
ind1227,-1.186457,7
ind1228,3.217343,7
ind1229,0.323143,7
ind1230,0.372843000000001,7
ind1231,-0.029757,7
ind1232,1.140543,7
ind1233,-1.141857,7
ind1234,-2.357857,7
ind1235,0.267743000000001,7
ind1236,0.715343000000001,7
ind1237,1.398443,7
ind1238,-0.849057,7
ind1239,-0.306457,7
ind1240,-0.334757,7
ind1241,1.879043,7
ind1242,-0.0556570000000001,7
ind1243,0.402543000000001,7
ind1244,-0.136056999999999,7
ind1245,1.202043,7
ind1246,-0.464357,7
ind1247,0.754943000000001,7
ind1248,0.587343000000001,7
ind1249,3.182243,7
ind1250,0.335643000000001,7
ind1251,1.491743,7
ind1252,-1.288357,7
ind1253,1.499143,7
ind1254,1.967443,7
ind1255,0.805643,7
ind1256,-2.331557,7
ind1257,-0.174256999999999,7
ind1258,1.149343,7
ind1259,-0.582056999999999,7
ind1260,0.290043000000001,7
ind1261,-1.777157,7
ind1262,0.595343,7
ind1263,-3.185157,7
ind1264,-0.443256999999999,7
ind1265,-0.490556999999999,7
ind1266,0.907843,7
ind1267,1.162343,7
ind1268,0.227243000000001,7
ind1269,1.578543,7
ind1270,-2.471257,7
ind1271,-0.388256999999999,7
ind1272,-0.682257,7
ind1273,-0.0850569999999991,7
ind1274,-0.503556999999999,7
ind1275,-0.0534569999999999,7
ind1276,1.081343,7
ind1277,0.575143000000001,7
ind1278,-0.488757,7
ind1279,-0.127056999999999,7
ind1280,-1.433457,7
ind1281,0.346443000000001,7
ind1282,-1.897157,7
ind1283,1.769543,7
ind1284,-1.347457,7
ind1285,-1.934057,7
ind1286,1.034343,7
ind1287,-3.045257,7
ind1288,0.689143000000001,7
ind1289,3.317743,7
ind1290,-0.0775569999999988,7
ind1291,-0.253356999999999,7
ind1292,-1.966557,7
ind1293,-0.884057,7
ind1294,0.925743000000001,7
ind1295,-2.008157,7
ind1296,1.467443,7
ind1297,0.693143000000001,7
ind1298,-0.404157,7
ind1299,-0.574157,7
ind1300,1.860443,7
ind1301,1.000943,7
ind1302,1.281743,7
ind1303,-0.985557,7
ind1304,2.440743,7
ind1305,2.691443,7
ind1306,0.197043000000001,7
ind1307,0.469443,7
ind1308,-1.276157,7
ind1309,0.0855430000000013,7
ind1310,0.946143000000001,7
ind1311,0.468843,7
ind1312,2.866743,7
ind1313,-0.830757,7
ind1314,2.442843,7
ind1315,-1.335757,7
ind1316,0.500243000000001,7
ind1317,-2.134857,7
ind1318,2.172543,7
ind1319,1.193743,7
ind1320,-1.688857,7
ind1321,0.464543000000001,7
ind1322,-1.436957,7
ind1323,0.496343000000001,7
ind1324,-2.729357,7
ind1325,-2.484757,7
ind1326,-1.305057,7
ind1327,0.556343,7
ind1328,0.0326430000000002,7
ind1329,0.621943,7
ind1330,0.0889430000000004,7
ind1331,-1.057857,7
ind1332,1.217743,7
ind1333,3.843243,7
ind1334,2.867943,7
ind1335,2.240043,7
ind1336,3.734643,7
ind1337,-0.337956999999999,7
ind1338,-1.121257,7
ind1339,-2.095957,7
ind1340,-0.314356999999999,7
ind1341,-2.439857,7
ind1342,0.704643000000001,7
ind1343,0.541943,7
ind1344,0.330243000000001,7
ind1345,2.002043,7
ind1346,0.415843000000001,7
ind1347,0.644243000000001,7
ind1348,-2.128157,7
ind1349,0.423543,7
ind1350,-1.371557,7
ind1351,0.310443000000001,7
ind1352,-0.708556999999999,7
ind1353,-0.000956999999999653,7
ind1354,1.166943,7
ind1355,-0.0999569999999999,7
ind1356,-1.409157,7
ind1357,-0.296356999999999,7
ind1358,-1.139557,7
ind1359,-0.294756999999999,7
ind1360,1.431243,7
ind1361,-0.532157,7
ind1362,1.892643,7
ind1363,1.925843,7
ind1364,-0.461556999999999,7
ind1365,-2.335757,7
ind1366,-1.318757,7
ind1367,3.156043,7
ind1368,-0.092257,7
ind1369,0.302443,7
ind1370,0.544343000000001,7
ind1371,-0.212356999999999,7
ind1372,-0.286256999999999,7
ind1373,0.0512430000000013,7
ind1374,-1.318457,7
ind1375,-0.920256999999999,7
ind1376,0.455243000000001,7
ind1377,1.385743,7
ind1378,0.100543,7
ind1379,0.150843,7
ind1380,-1.749157,7
ind1381,-3.533057,7
ind1382,1.053843,7
ind1383,-1.827857,7
ind1384,0.608343000000001,7
ind1385,1.506143,7
ind1386,-1.060957,7
ind1387,1.574643,7
ind1388,-0.877957,7
ind1389,-0.358357,7
ind1390,-1.475157,7
ind1391,-2.363457,7
ind1392,-1.221757,7
ind1393,-0.544056999999999,7
ind1394,0.453543,7
ind1395,-0.657757,7
ind1396,0.445043,7
ind1397,-1.204357,7
ind1398,1.099243,7
ind1399,-0.362157,7
ind1400,0.373043000000001,7
ind1401,0.0926255000000005,8
ind1402,-2.5478745,8
ind1403,-1.0600745,8
ind1404,-0.4820745,8
ind1405,0.852225500000001,8
ind1406,-1.5393745,8
ind1407,-0.569774499999999,8
ind1408,0.394125500000001,8
ind1409,-1.0042745,8
ind1410,0.705325500000001,8
ind1411,0.280525500000001,8
ind1412,-2.7373745,8
ind1413,2.5274255,8
ind1414,0.192825500000001,8
ind1415,0.9807255,8
ind1416,-1.1974745,8
ind1417,-0.504474499999999,8
ind1418,-0.350474499999999,8
ind1419,1.4721255,8
ind1420,1.4779255,8
ind1421,1.2884255,8
ind1422,0.2070255,8
ind1423,1.1532255,8
ind1424,-1.5617745,8
ind1425,-1.3028745,8
ind1426,-1.8439745,8
ind1427,1.6243255,8
ind1428,-1.8254745,8
ind1429,-0.288874499999999,8
ind1430,0.00312550000000122,8
ind1431,-1.4122745,8
ind1432,0.5515255,8
ind1433,0.731025500000001,8
ind1434,0.564125500000001,8
ind1435,-1.2034745,8
ind1436,-0.9507745,8
ind1437,-1.4837745,8
ind1438,-0.235974499999999,8
ind1439,4.2146255,8
ind1440,2.9696255,8
ind1441,-1.4471745,8
ind1442,-0.7037745,8
ind1443,-1.3784745,8
ind1444,0.356725500000001,8
ind1445,-0.2242745,8
ind1446,2.3431255,8
ind1447,0.7679255,8
ind1448,0.767025500000001,8
ind1449,-1.3706745,8
ind1450,1.0587255,8
ind1451,1.8895255,8
ind1452,0.6522255,8
ind1453,-0.280374499999999,8
ind1454,2.3532255,8
ind1455,-0.332274499999999,8
ind1456,-1.4505745,8
ind1457,2.1457255,8
ind1458,-0.7099745,8
ind1459,1.2362255,8
ind1460,0.6470255,8
ind1461,0.2298255,8
ind1462,1.8428255,8
ind1463,-1.4720745,8
ind1464,0.0745255,8
ind1465,1.3651255,8
ind1466,0.2482255,8
ind1467,0.1423255,8
ind1468,-0.284774499999999,8
ind1469,-0.921374499999999,8
ind1470,-2.1087745,8
ind1471,2.8590255,8
ind1472,1.5086255,8
ind1473,-1.2676745,8
ind1474,1.3472255,8
ind1475,0.336925500000001,8
ind1476,-1.4716745,8
ind1477,1.4639255,8
ind1478,-0.1221745,8
ind1479,-1.7373745,8
ind1480,0.248625500000001,8
ind1481,1.1735255,8
ind1482,-1.3767745,8
ind1483,0.870525500000001,8
ind1484,1.1391255,8
ind1485,-0.8651745,8
ind1486,0.0828255000000002,8
ind1487,-0.171474499999999,8
ind1488,-2.4740745,8
ind1489,-0.515974499999999,8
ind1490,-0.0299744999999998,8
ind1491,0.823325500000001,8
ind1492,-0.323674499999999,8
ind1493,-1.9142745,8
ind1494,-0.780474499999999,8
ind1495,0.609125500000001,8
ind1496,-0.5696745,8
ind1497,1.3792255,8
ind1498,2.5595255,8
ind1499,0.9775255,8
ind1500,-2.0389745,8
ind1501,-1.6225745,8
ind1502,1.5146255,8
ind1503,-1.1863745,8
ind1504,-1.8440745,8
ind1505,-0.780274499999999,8
ind1506,1.8962255,8
ind1507,0.4503255,8
ind1508,1.3657255,8
ind1509,-0.6047745,8
ind1510,0.575025500000001,8
ind1511,0.362825500000001,8
ind1512,2.2070255,8
ind1513,-0.128774499999999,8
ind1514,0.2331255,8
ind1515,-0.0949744999999993,8
ind1516,-1.0722745,8
ind1517,0.477425500000001,8
ind1518,-0.159274499999999,8
ind1519,0.994125500000001,8
ind1520,-2.3209745,8
ind1521,2.2397255,8
ind1522,2.0889255,8
ind1523,-1.2307745,8
ind1524,1.2487255,8
ind1525,-2.3554745,8
ind1526,-1.1185745,8
ind1527,-0.0303744999999989,8
ind1528,0.923825500000001,8
ind1529,-0.535674499999999,8
ind1530,-0.528174499999999,8
ind1531,0.396725500000001,8
ind1532,-2.4807745,8
ind1533,-0.5351745,8
ind1534,-0.0749744999999997,8
ind1535,2.5903255,8
ind1536,-2.7725745,8
ind1537,-0.0861745000000003,8
ind1538,-2.9832745,8
ind1539,2.2598255,8
ind1540,-0.785574499999999,8
ind1541,1.9594255,8
ind1542,-1.4183745,8
ind1543,-0.869674499999999,8
ind1544,-0.485274499999999,8
ind1545,0.0607255000000002,8
ind1546,-0.5079745,8
ind1547,3.0813255,8
ind1548,0.739625500000001,8
ind1549,-0.4918745,8
ind1550,2.8628255,8
ind1551,1.6602255,8
ind1552,-0.479974499999999,8
ind1553,0.779925500000001,8
ind1554,-0.6929745,8
ind1555,-0.5610745,8
ind1556,2.7164255,8
ind1557,-1.0493745,8
ind1558,-1.0120745,8
ind1559,-1.7338745,8
ind1560,0.580225500000001,8
ind1561,-1.7950745,8
ind1562,-0.9559745,8
ind1563,-0.219374499999999,8
ind1564,-5.3056745,8
ind1565,2.2413255,8
ind1566,1.3980255,8
ind1567,0.4836255,8
ind1568,-0.9055745,8
ind1569,0.2773255,8
ind1570,-0.7563745,8
ind1571,-1.4154745,8
ind1572,0.613025500000001,8
ind1573,1.8974255,8
ind1574,-0.524274499999999,8
ind1575,2.5418255,8
ind1576,1.2398255,8
ind1577,-1.6490745,8
ind1578,0.9762255,8
ind1579,1.2802255,8
ind1580,-0.345274499999999,8
ind1581,-1.8933745,8
ind1582,3.5550255,8
ind1583,3.1105255,8
ind1584,-1.8585745,8
ind1585,-0.9499745,8
ind1586,-2.3249745,8
ind1587,-1.2602745,8
ind1588,1.3238255,8
ind1589,1.0046255,8
ind1590,-1.3151745,8
ind1591,2.3200255,8
ind1592,-0.993674499999999,8
ind1593,-1.9572745,8
ind1594,-1.2603745,8
ind1595,-0.2882745,8
ind1596,-3.2933745,8
ind1597,2.1102255,8
ind1598,0.629925500000001,8
ind1599,-2.7890745,8
ind1600,0.0868254999999998,8
ind1601,0.103108499999999,9
ind1602,1.3709085,9
ind1603,0.636008499999999,9
ind1604,1.2533085,9
ind1605,-2.8789915,9
ind1606,1.1050085,9
ind1607,-0.3787915,9
ind1608,-1.5282915,9
ind1609,-0.7789915,9
ind1610,1.0541085,9
ind1611,-0.604191500000001,9
ind1612,-0.364591500000001,9
ind1613,-1.3753915,9
ind1614,-1.5264915,9
ind1615,-1.4657915,9
ind1616,-0.213191500000001,9
ind1617,1.5520085,9
ind1618,1.9099085,9
ind1619,-1.4019915,9
ind1620,-0.7850915,9
ind1621,-0.914191500000001,9
ind1622,-1.5525915,9
ind1623,-0.2821915,9
ind1624,0.0162084999999994,9
ind1625,-0.767791500000001,9
ind1626,1.2396085,9
ind1627,-0.325191500000001,9
ind1628,1.6874085,9
ind1629,-1.1228915,9
ind1630,1.9153085,9
ind1631,-0.9137915,9
ind1632,-1.7281915,9
ind1633,-1.6371915,9
ind1634,0.6378085,9
ind1635,0.581208499999999,9
ind1636,0.2857085,9
ind1637,2.9658085,9
ind1638,-0.6769915,9
ind1639,1.3470085,9
ind1640,-0.6632915,9
ind1641,1.4639085,9
ind1642,-0.4312915,9
ind1643,1.5437085,9
ind1644,0.107008499999999,9
ind1645,-0.991091500000001,9
ind1646,-0.5105915,9
ind1647,0.453008499999999,9
ind1648,1.5553085,9
ind1649,0.1997085,9
ind1650,1.3973085,9
ind1651,2.2154085,9
ind1652,-2.9250915,9
ind1653,-0.4541915,9
ind1654,-0.181691500000001,9
ind1655,-0.217491500000001,9
ind1656,0.2287085,9
ind1657,0.6264085,9
ind1658,-1.1884915,9
ind1659,-0.842791500000001,9
ind1660,-1.5747915,9
ind1661,-0.0517915000000002,9
ind1662,-1.4478915,9
ind1663,-0.2439915,9
ind1664,-0.0527915000000014,9
ind1665,0.750208499999999,9
ind1666,-0.8557915,9
ind1667,-1.1650915,9
ind1668,2.1783085,9
ind1669,1.3827085,9
ind1670,1.1269085,9
ind1671,0.8049085,9
ind1672,-2.6196915,9
ind1673,0.323608499999999,9
ind1674,-0.6935915,9
ind1675,-0.976791500000001,9
ind1676,-1.4788915,9
ind1677,1.5035085,9
ind1678,0.160308499999999,9
ind1679,1.3768085,9
ind1680,-3.3748915,9
ind1681,0.5877085,9
ind1682,-1.3489915,9
ind1683,-0.982091500000001,9
ind1684,-0.436291500000001,9
ind1685,-0.2758915,9
ind1686,-0.1713915,9
ind1687,-0.880591500000001,9
ind1688,-1.8116915,9
ind1689,-0.776891500000001,9
ind1690,0.4870085,9
ind1691,3.2738085,9
ind1692,2.7095085,9
ind1693,-1.2731915,9
ind1694,2.0336085,9
ind1695,-0.296691500000001,9
ind1696,2.1755085,9
ind1697,-0.4214915,9
ind1698,3.0957085,9
ind1699,-0.0334915000000002,9
ind1700,0.0452084999999993,9
ind1701,0.541608499999999,9
ind1702,1.0036085,9
ind1703,-0.9550915,9
ind1704,0.181908499999999,9
ind1705,1.9226085,9
ind1706,-0.8041915,9
ind1707,1.4161085,9
ind1708,1.6231085,9
ind1709,0.2842085,9
ind1710,-1.6689915,9
ind1711,2.1008085,9
ind1712,0.832808499999999,9
ind1713,1.6665085,9
ind1714,0.809008499999999,9
ind1715,0.112408499999999,9
ind1716,-0.3535915,9
ind1717,0.552008499999999,9
ind1718,-0.239691500000001,9
ind1719,0.592508499999999,9
ind1720,0.219008499999999,9
ind1721,-0.439591500000001,9
ind1722,-2.4325915,9
ind1723,-0.572091500000001,9
ind1724,1.7748085,9
ind1725,-0.3796915,9
ind1726,2.0264085,9
ind1727,-2.3839915,9
ind1728,2.3342085,9
ind1729,-1.1474915,9
ind1730,1.5566085,9
ind1731,0.0700085000000001,9
ind1732,0.794008499999999,9
ind1733,-1.7780915,9
ind1734,1.5850085,9
ind1735,-0.4025915,9
ind1736,0.1128085,9
ind1737,0.935508499999999,9
ind1738,0.0991084999999998,9
ind1739,0.4695085,9
ind1740,1.1387085,9
ind1741,-2.0681915,9
ind1742,0.880108499999999,9
ind1743,-0.906691500000001,9
ind1744,-1.3913915,9
ind1745,1.5604085,9
ind1746,-0.206091500000001,9
ind1747,2.5408085,9
ind1748,-0.9335915,9
ind1749,-2.3331915,9
ind1750,-0.651291500000001,9
ind1751,-3.0191915,9
ind1752,-2.8793915,9
ind1753,-0.857091500000001,9
ind1754,-1.2607915,9
ind1755,-2.2209915,9
ind1756,0.3779085,9
ind1757,-2.2866915,9
ind1758,-0.8682915,9
ind1759,-0.244891500000001,9
ind1760,0.2682085,9
ind1761,2.1282085,9
ind1762,-3.4311915,9
ind1763,0.2987085,9
ind1764,-2.3972915,9
ind1765,-2.1820915,9
ind1766,-1.2371915,9
ind1767,-2.3317915,9
ind1768,0.415108499999999,9
ind1769,0.0298084999999997,9
ind1770,1.2412085,9
ind1771,0.655008499999999,9
ind1772,-1.2186915,9
ind1773,2.5999085,9
ind1774,0.3230085,9
ind1775,2.1530085,9
ind1776,0.705408499999999,9
ind1777,0.0624085000000001,9
ind1778,2.5473085,9
ind1779,2.0407085,9
ind1780,0.8269085,9
ind1781,-0.3230915,9
ind1782,-1.4829915,9
ind1783,2.8409085,9
ind1784,1.5435085,9
ind1785,1.2776085,9
ind1786,0.214708499999999,9
ind1787,-2.0841915,9
ind1788,2.1737085,9
ind1789,-0.836691500000001,9
ind1790,0.1782085,9
ind1791,1.1381085,9
ind1792,0.4062085,9
ind1793,1.3153085,9
ind1794,1.0430085,9
ind1795,-0.2409915,9
ind1796,-1.0882915,9
ind1797,-2.7864915,9
ind1798,-0.00319149999999979,9
ind1799,-2.9447915,9
ind1800,1.1413085,9
ind1801,-1.237216,10
ind1802,-1.250216,10
ind1803,1.903784,10
ind1804,0.870084,10
ind1805,-0.827816,10
ind1806,-0.475816,10
ind1807,0.846284000000001,10
ind1808,-1.875816,10
ind1809,0.814684,10
ind1810,0.573784,10
ind1811,0.925284,10
ind1812,-0.052816,10
ind1813,2.972084,10
ind1814,0.228984000000001,10
ind1815,0.840584,10
ind1816,-0.774416,10
ind1817,-1.792816,10
ind1818,-0.423416,10
ind1819,0.875783999999999,10
ind1820,-0.339316,10
ind1821,1.608184,10
ind1822,-2.665216,10
ind1823,-0.515016000000001,10
ind1824,-3.463316,10
ind1825,-0.175616,10
ind1826,-0.588716,10
ind1827,-0.657916,10
ind1828,1.447684,10
ind1829,2.543884,10
ind1830,-1.503116,10
ind1831,1.572184,10
ind1832,1.980284,10
ind1833,-0.915616,10
ind1834,-0.0465160000000004,10
ind1835,0.794383999999999,10
ind1836,-0.618716000000001,10
ind1837,-0.119216,10
ind1838,-0.178316000000001,10
ind1839,-0.648616000000001,10
ind1840,3.250584,10
ind1841,-0.643716,10
ind1842,-0.622316,10
ind1843,-0.267416000000001,10
ind1844,3.176884,10
ind1845,1.262884,10
ind1846,1.854484,10
ind1847,-1.576416,10
ind1848,2.312384,10
ind1849,-1.187916,10
ind1850,-1.010016,10
ind1851,2.659484,10
ind1852,2.418984,10
ind1853,0.235384,10
ind1854,-0.384516,10
ind1855,-3.293016,10
ind1856,-1.070116,10
ind1857,0.434884,10
ind1858,-1.252616,10
ind1859,-0.985716,10
ind1860,0.617084,10
ind1861,0.853083999999999,10
ind1862,-2.890016,10
ind1863,-0.213115999999999,10
ind1864,0.484384,10
ind1865,-1.187716,10
ind1866,-0.965216,10
ind1867,2.569484,10
ind1868,0.412583999999999,10
ind1869,-1.085716,10
ind1870,-1.515616,10
ind1871,-2.726716,10
ind1872,1.185284,10
ind1873,-2.524116,10
ind1874,0.261184,10
ind1875,-1.600116,10
ind1876,1.287584,10
ind1877,1.068484,10
ind1878,-0.641016,10
ind1879,-0.620216000000001,10
ind1880,0.491584,10
ind1881,-2.675916,10
ind1882,-0.444316000000001,10
ind1883,2.447384,10
ind1884,-1.566316,10
ind1885,-1.554716,10
ind1886,1.297084,10
ind1887,-1.170216,10
ind1888,2.658984,10
ind1889,2.756684,10
ind1890,-0.786416000000001,10
ind1891,-2.118616,10
ind1892,2.171084,10
ind1893,-0.844716,10
ind1894,0.372883999999999,10
ind1895,0.847084000000001,10
ind1896,-1.560316,10
ind1897,0.139284,10
ind1898,-2.142016,10
ind1899,0.429983999999999,10
ind1900,0.675984,10
ind1901,-0.750916,10
ind1902,1.127484,10
ind1903,-0.674316000000001,10
ind1904,1.281884,10
ind1905,0.106484,10
ind1906,2.848484,10
ind1907,-0.647516,10
ind1908,0.107683999999999,10
ind1909,-2.707316,10
ind1910,1.964784,10
ind1911,-1.838316,10
ind1912,-0.239716,10
ind1913,1.298284,10
ind1914,-0.848916000000001,10
ind1915,-1.543216,10
ind1916,1.206784,10
ind1917,-2.455416,10
ind1918,-0.612515999999999,10
ind1919,-1.515516,10
ind1920,0.298384,10
ind1921,-3.372516,10
ind1922,0.771784,10
ind1923,1.047284,10
ind1924,0.0163840000000004,10
ind1925,0.574684,10
ind1926,1.560884,10
ind1927,-1.099416,10
ind1928,0.00848399999999927,10
ind1929,0.366984,10
ind1930,0.456884000000001,10
ind1931,0.308883999999999,10
ind1932,1.489684,10
ind1933,0.0670839999999995,10
ind1934,1.711484,10
ind1935,-0.573716000000001,10
ind1936,-1.896216,10
ind1937,0.457084,10
ind1938,-1.274316,10
ind1939,-1.881816,10
ind1940,-0.282916,10
ind1941,-0.285716000000001,10
ind1942,-0.243916,10
ind1943,-1.395016,10
ind1944,-0.420516000000001,10
ind1945,-0.931316000000001,10
ind1946,-1.884116,10
ind1947,-0.908816,10
ind1948,0.536284,10
ind1949,-0.395916,10
ind1950,1.659384,10
ind1951,1.198284,10
ind1952,-2.150216,10
ind1953,1.874984,10
ind1954,-2.489916,10
ind1955,-1.866816,10
ind1956,-1.358416,10
ind1957,-0.543915999999999,10
ind1958,-0.653216,10
ind1959,0.423883999999999,10
ind1960,-2.297816,10
ind1961,3.402284,10
ind1962,-1.056716,10
ind1963,-0.919715999999999,10
ind1964,2.498384,10
ind1965,2.123384,10
ind1966,0.211584,10
ind1967,-2.722916,10
ind1968,2.495184,10
ind1969,1.939184,10
ind1970,0.979984,10
ind1971,-1.253116,10
ind1972,1.925784,10
ind1973,0.228083999999999,10
ind1974,1.685884,10
ind1975,-1.440116,10
ind1976,-2.004116,10
ind1977,-0.451016000000001,10
ind1978,0.124784,10
ind1979,0.735484,10
ind1980,0.376384,10
ind1981,0.0490840000000006,10
ind1982,1.150984,10
ind1983,-0.277816,10
ind1984,2.484284,10
ind1985,-1.931916,10
ind1986,0.652184,10
ind1987,1.321384,10
ind1988,-0.480516,10
ind1989,-0.910016000000001,10
ind1990,1.396684,10
ind1991,2.122684,10
ind1992,2.757084,10
ind1993,0.958283999999999,10
ind1994,-0.484616000000001,10
ind1995,-0.221116,10
ind1996,1.159284,10
ind1997,1.592184,10
ind1998,0.014683999999999,10
ind1999,-0.419116000000001,10
ind2000,0.298584,10
